{"param_names": ["x.1", "x.2", "x.3", "x.4", "x.5"], "mean": [-4.000670855059989, -1.9992043136003432, -0.002599294636797998, 1.9962851795273422, 4.0027094494958115], "std": [1.1836149437241554, 1.1806637229814014, 1.180477994676648, 1.19505925977478, 1.1755315039364087], "skew": [0.06893804469704354, 0.024516416767234917, 0.026292267024675936, 0.002825934057770851, -0.02526869931848919], "kurt": [5.003478859536302, 4.708521785801365, 4.5760791510211885, 4.984401587603542, 5.022542469446501], "step_size": 0.5}