{"param_names": ["mu", "alpha0", "alpha1", "beta1"], "mean": [5.050067951999982, 1.4659858835000175, 0.5674311241800003, 0.2921868159843265], "std": [0.12219838275420251, 0.5673240706101964, 0.1252278137592065, 0.12217230400395136], "skew": [-0.0831065186378677, 0.8352389739150231, 0.11847076106785767, 0.07988682197141674], "kurt": [3.0747732801942, 3.9087819897946527, 2.6677099029611817, 2.4419911416435314], "step_size": 0.5}