{"param_names": ["mu", "tau", "theta_tilde.1", "theta_tilde.2", "theta_tilde.3", "theta_tilde.4", "theta_tilde.5", "theta_tilde.6", "theta_tilde.7", "theta_tilde.8", "theta.1", "theta.2", "theta.3", "theta.4", "theta.5", "theta.6", "theta.7", "theta.8"], "mean": [4.392012987167786, 3.5756335809163464, 0.3162778654169438, 0.09165216394621435, -0.09219954876569399, 0.07020085340542805, -0.1564956390503995, -0.0685341013636155, 0.3511749185493553, 0.07231061742979289, 6.1950588270896905, 4.900853290733315, 3.899582516675589, 4.7698383534423305, 3.6194090056904273, 4.039734761456652, 6.257833557462017, 4.834226920478212], "std": [3.298370114454407, 3.207551346200537, 0.9836616454102731, 0.9367900208668062, 0.9685923752160347, 0.9381255627137673, 0.9311156444168713, 0.9430458388036034, 0.9610038061455835, 0.9786219525830728, 5.582698360495448, 4.679806191369316, 5.20582984271571, 4.7416348149022856, 4.6474008609739, 4.817799756859134, 5.056489952129314, 5.32873652019224], "skew": [-0.030042706626232155, 1.7918668437355205, -0.06524255145848402, -0.04695115580312691, 0.0020505757445101395, -0.018155051706843086, 0.03552954397257556, 0.010247943005276273, -0.0668426683869919, 0.002339241818821258, 1.052932792129514, 0.1748429102639369, -0.4784643180315238, 0.07404224768394854, -0.45942208966213627, -0.297627613265136, 0.7684391043014968, 0.2503777985653746], "kurt": [3.041866447938561, 8.083560663065267, 3.0209339431002187, 3.086403955623084, 3.0633852689934105, 3.062498648439808, 3.104038018128956, 3.0781104410871447, 3.060694070147695, 2.988589159394483, 6.552854885184468, 4.3532819097187865, 5.583018449465467, 4.449283498833632, 4.3072137700293185, 4.5343697778135175, 4.7903520396103145, 5.902115937499566], "step_size": 0.34331674572825}