{"param_names": ["sigma", "sigma_gamma", "sigma_delta", "gamma.1", "gamma.2", "gamma.3", "gamma.4", "gamma.5", "delta.1", "delta.2", "delta.3", "delta.4", "delta.5", "delta.6", "delta.7", "delta.8", "mu"], "mean": [0.3930209054399989, 0.05550830613239988, 0.40852519183999825, 0.03187229226502306, -0.018942741856120868, 0.007341511684982402, -0.0077515265419603125, -0.011884676295404975, -0.31559699030606403, 0.5138216377622027, 0.003996947081143127, -0.10382891937643936, -0.22599095366481536, -0.012683805044348958, -0.31889526107201976, 0.4486084422085376, 0.44157916760356275], "std": [0.016956616616637755, 0.05742231256381859, 0.14942351603078646, 0.05116894993466444, 0.04735976815490978, 0.04674820425700131, 0.04529228471966818, 0.04632958929857821, 0.16759783267450815, 0.16648998903751117, 0.1665468580596291, 0.16690250159417405, 0.1671491298862395, 0.1667990644180954, 0.166721016407773, 0.16774351833162737, 0.16099992584870523], "skew": [0.2185269761289872, 4.92761013702845, 1.9920736414327687, 1.1334322894172186, -0.9107268224943759, 0.290588362133667, -0.3860601810464555, -0.6480351214019128, -0.04231368535167403, 0.10049855672697242, 0.014628795379051774, -0.005140436700659915, -0.03933270338634157, 0.007958803443352619, -0.05675999177912324, 0.1103427609311425, -0.005936530379379529], "kurt": [3.101504677498868, 66.37523127763548, 11.196801244720174, 8.791317113198959, 10.125160350504489, 10.493324243065606, 11.008720901041265, 10.3770543117759, 4.718134690241241, 4.733242592916165, 4.710527941158674, 4.7402017441921505, 4.6537871261897825, 4.726355897971975, 4.696223908310749, 4.725039681748448, 5.0115306878118355], "step_size": 0.003235528274814546}