{"param_names": ["beta.1", "beta.2", "beta.3", "sigma"], "mean": [0.20196461341999916, 0.5832697614600062, 0.07706322117399957, 0.06754857814200034], "std": [0.018322013740964066, 0.03529713303498275, 0.0071100946895194745, 0.002607630310868051], "skew": [0.0024033541007384865, 0.0015796636296740198, -0.005211817041240583, 0.17500760412775226], "kurt": [3.0326206860118625, 3.032164476229689, 3.084709488642665, 2.9740543774935366], "step_size": 0.5}