{"param_names": ["beta.1", "beta.2", "beta.3", "beta.4", "sigma"], "mean": [8.386201169599966, 0.017045061536043453, -0.07844929868379515, 0.007441857241444872, 0.8819808252200052], "std": [0.8426795571705371, 0.013033972816991703, 1.2588754508274131, 0.018650834813471975, 0.018082044129181234], "skew": [0.04445404425693355, -0.04303993729213321, 0.005144013392298998, -0.0030904775704941965, 0.09282489748263373], "kurt": [2.9629140178360585, 2.9641884965848333, 2.980176735307203, 2.978989084382721, 2.9972750088610747], "step_size": 0.5}