{"param_names": ["beta.1", "beta.2"], "mean": [0.6071230808599961, -0.6239878282400027], "std": [0.060418720359845864, 0.09783740664274569], "skew": [0.043269980396391794, -0.061708446003355476], "kurt": [2.9938615948874316, 3.0040642553635357], "step_size": 0.5}