{"param_names": ["d", "sigmasq_delta", "mu.1", "mu.2", "mu.3", "mu.4", "mu.5", "mu.6", "mu.7", "mu.8", "mu.9", "mu.10", "mu.11", "mu.12", "mu.13", "mu.14", "mu.15", "mu.16", "mu.17", "mu.18", "mu.19", "mu.20", "mu.21", "mu.22", "delta.1", "delta.2", "delta.3", "delta.4", "delta.5", "delta.6", "delta.7", "delta.8", "delta.9", "delta.10", "delta.11", "delta.12", "delta.13", "delta.14", "delta.15", "delta.16", "delta.17", "delta.18", "delta.19", "delta.20", "delta.21", "delta.22", "delta_new", "sigma_delta"], "mean": [-0.254092314132399, 0.012057763143120351, -2.4451640044799827, -2.1866504995999865, -2.1399914012000525, -2.396122798999969, -2.4080992455999395, -2.230652943859992, -1.714607509799966, -2.107375975999961, -1.9635871248000567, -2.24435426020003, -2.3089207887999508, -1.4609376739999862, -3.0007130845999996, -2.739070149200047, -1.3526077212200287, -1.4882202820200092, -1.993181589800044, -2.9676583571999964, -3.436195692999899, -1.4823385133199725, -2.137172647399974, -2.914205246999998, -0.2469295457600119, -0.2907424488405308, -0.27159028749254066, -0.2520807137416463, -0.20364887251657282, -0.26618005541016004, -0.35357934334400576, -0.21478846380857577, -0.28251225451442197, -0.28806003912204414, -0.2449803979649857, -0.2105395158996786, -0.28522968407055843, -0.09921915324729035, -0.26484345200894804, -0.23524903980824288, -0.2091145152776673, -0.22133749960944316, -0.22619619782442166, -0.24831802060533864, -0.3165281613355054, -0.3159981435318498, -0.2541105296939193, 0.09533337902800362], "std": [0.062304200729608114, 0.014625846665658625, 0.439637754814881, 0.24120295513139367, 0.2751380114212915, 0.07981550755873788, 0.15212423211092493, 0.3488058023305411, 0.08459576592992539, 0.12016308712188323, 0.1461012259968383, 0.06777096224552227, 0.1116485243385908, 0.12941358888690696, 0.21431521470710801, 0.13150197059993154, 0.15787062240972422, 0.13992876677043165, 0.18920145721179482, 0.28974393536827114, 0.3561773872756302, 0.14123977950973815, 0.13798498170285364, 0.1466047128629024, 0.1503772619241711, 0.14723472501786433, 0.14678731768601216, 0.08984838766064444, 0.134649242905363, 0.14662594605983711, 0.11149431434856075, 0.11506169119622134, 0.12358047220705368, 0.0835914505143429, 0.10538334946787581, 0.12181230379932262, 0.14015250939047968, 0.17418525529031914, 0.12278091069526738, 0.11881633728190011, 0.14205015324157602, 0.153259013941404, 0.15899387348142696, 0.11889035509991737, 0.13233557120254327, 0.13530410541178522, 0.16502160575300012, 0.05449137589645131], "skew": [0.08725938852816309, 3.248840869753738, -0.30597468279147105, -0.16110431428810665, -0.20435459909968118, -0.0792870359062359, -0.17179942453849062, -0.22548357801552252, 0.040165306064766225, -0.18318541652987122, -0.05344909034133172, 0.034241827496607556, -0.1629855055974096, -0.14382861616446377, -0.13472516034718532, -0.3864086614493921, -0.10831440810785913, -0.10314132629681763, -0.27449663036920163, -0.26455717275401813, -0.3642163188112627, -0.0648405652815722, 0.008419846221143654, -0.06335868493448718, 0.34051711370602433, -1.0619534934518784, -0.6736301293055266, 0.07738009197302942, 0.9523336599703205, -0.32660149676916667, -0.6195442297159457, 0.617490349581004, -0.47135619402245954, -0.2391669135907847, 0.20918680565035333, 0.7242098141376297, -0.8059725031851261, 0.9444653346586405, -0.19400854141032567, 0.39308914476219287, 1.0551739864331948, 1.1369859539727487, 1.299988808231146, 0.16474416124559774, -0.9619511659239226, -0.9812847688545662, -0.8737853053101198, 1.163394581374335], "kurt": [3.342565176846786, 21.93979748220648, 3.207953888170765, 3.056542722336853, 3.1672289386215087, 3.0676723825618497, 3.225769813214831, 3.106689634458545, 3.0165911473474254, 3.1299347681674905, 2.9935880181289205, 3.0029176772359962, 3.123363074507035, 3.0518952653912725, 3.0188102567846737, 3.437761434744493, 3.1235826508909237, 3.121504050997619, 3.3522662135884, 3.0794147713977362, 3.274306539259519, 3.195762056955213, 3.0569137554666557, 3.1169380917334566, 8.55636870997299, 8.181582810886693, 9.419084800585809, 3.743392568011072, 5.374318705475946, 7.6573941727401715, 3.5168408077196895, 4.477768886259552, 5.1326601090352915, 3.4433372612805333, 4.1705958267447345, 4.826644073327646, 6.851084083824851, 3.8741395001943575, 4.951515327662765, 4.787468883609296, 6.545731796504867, 8.624394347325374, 10.652511262002609, 4.864707101922008, 5.471044399269383, 5.701214336275566, 26.96650745546758, 4.877562688430203], "step_size": 0.006706309111521953}