{"param_names": ["sigma", "sigma_degrees"], "mean": [0.026663863465999676, 1.5277268343999952], "std": [0.0003947307113962225, 0.022616407412620602], "skew": [0.06437055685777619, 0.06437164993835204], "kurt": [3.03683910789247, 3.036845883486142], "step_size": 0.5}