{"param_names": ["omega", "p", "omega_nd", "N"], "mean": [0.4233570275200036, 0.497131221179999, 0.08794004843000088, 100.22206], "std": [0.03884898160083762, 0.03817106465315889, 0.026265162182521316, 5.250412303467346], "skew": [0.1739822968170001, -0.033456282337118254, 0.8420550733336013, 0.6896658626122635], "kurt": [3.0838954733216433, 2.937883056426973, 4.2290069980745, 3.746857337528804], "step_size": 0.5}