{"param_names": ["omega", "p.1", "p.2", "p.3", "pr", "omega_nd", "N"], "mean": [0.4237795812399982, 0.137204414614001, 0.5883972953799994, 0.63729410078, 0.12985873801000045, 0.08852305561400008, 100.26018], "std": [0.03943295150547183, 0.03479986615605297, 0.057336863787526345, 0.05764601877210941, 0.0326629365765029, 0.028737101070038035, 5.5396323314456035], "skew": [0.1770241167130525, 0.4459232609778737, -0.064886356763837, -0.1498792220733472, 0.5298093823796103, 0.9009032518323362, 0.7381736910877165], "kurt": [3.034980483135046, 3.276581793976946, 2.9581421666206515, 2.933792632078967, 3.4122925571148484, 4.43859284911767, 3.8680927398121288], "step_size": 0.5}