{"param_names": ["tau_between", "tau_within", "theta", "mu.1", "mu.2", "mu.3", "mu.4", "mu.5", "mu.6", "sigma_between", "sigma_within", "sigmasq_between", "sigmasq_within"], "mean": [0.0019312631481178007, 0.00038930179353799903, 1527.724909999995, 1511.879371799993, 1527.9839611999885, 1552.9467166000295, 1506.9218331999996, 1577.748063600019, 1487.7437865999896, 44.566899730999914, 52.594163429999696, 2629.134815344011, 2840.3123713999953], "std": [0.006317665859741541, 0.00011996398921955603, 22.781149147757098, 20.898263954919322, 20.05283489921511, 21.54396674222474, 21.09060471571535, 25.656901200675907, 23.911255071988425, 25.355991191919248, 8.61198968592337, 4621.478498936192, 976.0089009839419], "skew": [8.589367085898763, 0.5750826385072737, 0.1918848700293273, -0.06093060468981094, 0.02545240853012783, 0.07302779276132092, -0.08095801247016833, -0.1337313936619203, 0.05634354404554876, 2.3908736384228515, 0.8480716695916207, 33.33037114834131, 1.489669864566712], "kurt": [92.32109233730698, 3.4198792902651403, 7.326179147808441, 3.2028514574817764, 3.455692812727239, 3.015307425838045, 3.2030979412618423, 2.870277040152192, 2.92781865701121, 23.503611331852746, 4.275334388240157, 2862.8039653197243, 7.21095573482285], "step_size": 189.8443008}