{"param_names": ["alpha", "delta", "theta", "beta"], "mean": [-0.47830552423438594, 0.3249073450678964, 0.5737287432640042, 0.6431293601599971], "std": [0.2726584955485489, 0.6303716810122926, 0.14090338091587468, 0.17680784788228235], "skew": [-0.0880743728346512, 0.0772834938295112, -0.17657017336440808, 0.7829392722808592], "kurt": [3.10028653414397, 3.293843020385538, 2.663675421671185, 4.194408701375332], "step_size": 0.5}