{"step_size": 0.0009910238693887998, "stan_stepsize": 0.53477, "num_steps": 5}