{"param_names": ["x", "y"], "mean": [-0.001831732503613214, 9.027729981741645e-05], "std": [0.5001547186414165, 0.5015291895939105], "skew": [0.0016253323889154673, 0.0016968281584370114], "kurt": [2.005453432945128, 1.992215880107136], "step_size": 0.5}