{"param_names": ["x_raw", "y_raw", "x", "y"], "mean": [0.9968643237420035, 0.7524937775445076, -0.0020156821027420327, 0.004023789574617982], "std": [0.5779805893171167, 0.43353452374750867, 0.6453564189243962, 0.6461198730140995], "skew": [0.0014573038665910577, -0.0015241448137756023, 0.0008051876699618517, -0.0066591007080133695], "kurt": [1.8026157092627553, 1.7941192276865452, 1.5168343499005938, 1.5092723195973914], "step_size": 0.5}