{"param_names": ["x", "y_raw", "y"], "mean": [0.5006188503487629, 0.5005755687788045, -4.328266767760716e-05], "std": [0.28923609016193047, 0.28876518987156297, 0.4105344935252888], "skew": [-0.01107339074774899, -0.0060887831872093396, 0.009628886580142939], "kurt": [1.7886199043410387, 1.7962099874201638, 2.3806128862264844], "step_size": 0.5}