{"param_names": ["z", "phi", "x", "y"], "mean": [0.7776644902800013, 3.138792838269056, -0.0021493813975519745, -0.0009617485764639928], "std": [0.1423204551809416, 1.8087388093490322, 0.5579822101018542, 0.5600602478866162], "skew": [-0.22677520580178723, -0.0020481741422750032, 0.005547773833960305, 0.001861640539981647], "kurt": [1.8773895767913011, 1.8025825892509353, 1.6791991954395153, 1.6777150446602929], "step_size": 0.5}