{"param_names": ["x_raw", "y_raw", "x", "y"], "mean": [0.0003963870719300006, -0.004091501425787373, 0.004763612539999969, -0.00794849767000012], "std": [0.17998633994324054, 0.35262587735901507, 0.87974057925383, 0.7429501925395344], "skew": [0.025652953821659177, 0.025604695137677925, -0.009512302386761208, 0.023956222944488573], "kurt": [4.4865605641550355, 2.5380057016656594, 1.0641678832313883, 1.2392211260432933], "step_size": 0.5}