{"param_names": ["sigmasq", "theta.1.1", "theta.2.1", "theta.3.1", "theta.4.1", "theta.5.1", "theta.1.2", "theta.2.2", "theta.3.2", "theta.4.2", "theta.5.2", "theta.1.3", "theta.2.3", "theta.3.3", "theta.4.3", "theta.5.3", "mu.1", "mu.2", "mu.3", "sigma2.1.1", "sigma2.2.1", "sigma2.3.1", "sigma2.1.2", "sigma2.2.2", "sigma2.3.2", "sigma2.1.3", "sigma2.2.3", "sigma2.3.3", "sigma_C", "sigma.1", "sigma.2", "sigma.3"], "mean": [63.36129484000027, 5.077936682600027, 5.394492120599982, 5.088045365199981, 5.436413577199984, 5.320437427199999, 2.0228091738000256, 2.232421100999997, 2.089602301200026, 2.3356281173999967, 2.3194406741999996, -5.898245183000054, -5.812679083000043, -5.966489863999953, -5.782694975799919, -5.9386223538000005, 5.262143417800023, 2.198831519659985, -5.8792596470000476, 0.07787562658580026, 0.02681130673120917, 0.0032224969454734942, 0.02681130673120917, 0.08695318315700011, 0.021107143366921755, 0.0032224969454734942, 0.021107143366921755, 0.06425209419340006, 7.867394608399975, 0.2565375996499991, 0.265665335016001, 0.22903127393399936], "std": [20.31018931278115, 0.09513941143195817, 0.056565476329869115, 0.10568313648389767, 0.05223640125755123, 0.08107964971206731, 0.18091567559018565, 0.14876597386414664, 0.17438731067160407, 0.15888043452017328, 0.15195532311749643, 0.18444876613696748, 0.11787960004639482, 0.17353619622210487, 0.11277664328077872, 0.12200158143412604, 0.13222176893840037, 0.16432520748532492, 0.14490022131544678, 0.09198875439218329, 0.06711745510207906, 0.05557623167425662, 0.06711745510207906, 0.11775590995047867, 0.07540960383145617, 0.05557623167425662, 0.07540960383145617, 0.09730971636884674, 1.2105358200165126, 0.10983663149690975, 0.12796528118007505, 0.10861292930326932], "skew": [1.3680199683925505, 1.1938115450696105, 0.8141503471201554, 1.0996066905331174, 0.5804267885215039, 0.8022913934834646, 0.32572580527814743, 0.3522441666217217, 0.26023198448283835, 0.45238724827485055, 0.304778768550555, -0.29375927255434603, -0.17499047493031025, -0.25868099095120717, -0.0724339374158548, -0.18688487914946672, -0.08186803815936404, 0.1278797352047116, -0.17514061376160964, 8.270768429312328, 3.6703143673869345, -1.8072640609235895, 3.6703143673869345, 8.293816948597696, 12.1230184668635, -1.8072640609235895, 12.1230184668635, 16.24698303352106, 0.7702144538607014, 2.4048485889852653, 2.4560828865738293, 3.026153236523824], "kurt": [6.694600877351741, 6.407296495193844, 6.763330200180664, 6.15724200705605, 4.171663711432634, 4.9614787591507294, 3.5695929736060683, 3.681737644442575, 3.5821039376917247, 3.8730613627580555, 3.613347968456744, 3.4901885665794907, 3.573539535961071, 3.3506423484942296, 3.3878564326520744, 3.4711488111387236, 5.320162961686255, 6.091089677141705, 5.910870026510369, 159.30143131554087, 75.18382210150808, 87.1526696587963, 75.18382210150808, 137.6736895797569, 412.99134510524317, 87.1526696587963, 412.99134510524317, 534.08433730374, 4.119518072654937, 14.852770456721231, 15.076305245252238, 25.73216920186727], "step_size": 0.004409030520148421}