{"param_names": ["theta"], "mean": [0.2495481221246], "std": [0.11991827656751791], "skew": [0.5958664778416932], "kurt": [3.113503410361718], "step_size": 0.5}