{"param_names": ["alpha", "beta"], "mean": [16.07782276933994, 10.19784410478604], "std": [30.59099829418689, 19.572646091333734], "skew": [15.320887179179172, 16.25042029278816], "kurt": [400.9919735779211, 458.86744748524103], "step_size": 0.5}