{"param_names": ["mu"], "mean": [1.1474285690810797], "std": [0.4472173924392465], "skew": [-0.00520370374879233], "kurt": [2.9697933623392494], "step_size": 0.5}