{"param_names": ["theta.1", "theta.2", "theta.3", "mu.1", "mu.2", "mu.3", "sigma.1", "sigma.2", "sigma.3"], "mean": [0.5131921081600007, 0.2615762504600008, 0.22523164305999838, -1.8986557562000121, 0.5242535229199963, 3.228955394400008, 1.0439762472799985, 0.3974400497999994, 2.1889867312000097], "std": [0.024708938693691306, 0.02332666010721315, 0.026753739355543333, 0.07377088527077476, 0.03672081525998449, 0.3755396424924678, 0.05526566543105933, 0.034811008945705435, 0.22878649418811056], "skew": [-0.1068029964743478, 0.03390609302213459, 0.686023967186585, 0.23025894410883377, -0.06493585623356872, -0.5718693397779071, 0.2782445338489132, 0.23916444547941912, 0.3884916896497901], "kurt": [3.2360837639921693, 2.9509938060610303, 3.728320586271966, 3.20750812231815, 3.0529367417106936, 3.256539436392688, 3.1949626689534716, 3.152797384786718, 2.9153183883305567], "step_size": 0.0047795885017099995}