{"param_names": ["theta", "mu.1", "mu.2", "log_theta", "log_one_minus_theta"], "mean": [0.2914529350800005, -10.002857944400002, 10.025669657999961, -1.234097528599999, -0.3447453395200009], "std": [0.01439031279780928, 0.058575755197997806, 0.03786556204842836, 0.04944598628817534, 0.02033327069620044], "skew": [0.06398414515211585, -0.0036585685669913623, 0.012466000646014748, -0.0828680666851035, -0.12465492525766646], "kurt": [2.9861714228432295, 3.0012493696915654, 3.0098791572204986, 2.992263731088857, 3.0111182854028073], "step_size": 0.5}