{"param_names": ["mu", "sigma"], "mean": [0.0886063975984874, 1.0762875824999993], "std": [0.27743761678600726, 0.10905950918122771], "skew": [1.410246438799506, 0.8749224744423649], "kurt": [7.993729438617378, 4.8501137940943035], "step_size": 0.5}