{"param_names": ["mu"], "mean": [1.00211882014], "std": [0.05990716446767324], "skew": [0.029748040490087647], "kurt": [2.9948542802047973], "step_size": 0.5}