{"param_names": ["alpha.1", "alpha.2", "alpha.3", "alpha.4", "alpha.5", "alpha.6", "alpha.7", "alpha.8", "alpha.9", "alpha.10", "alpha.11", "alpha.12", "alpha.13", "alpha.14", "alpha.15", "alpha.16", "alpha.17", "alpha.18", "alpha.19", "alpha.20", "alpha.21", "alpha.22", "alpha.23", "alpha.24", "alpha.25", "alpha.26", "alpha.27", "alpha.28", "alpha.29", "alpha.30", "beta.1", "beta.2", "beta.3", "beta.4", "beta.5", "beta.6", "beta.7", "beta.8", "beta.9", "beta.10", "beta.11", "beta.12", "beta.13", "beta.14", "beta.15", "beta.16", "beta.17", "beta.18", "beta.19", "beta.20", "beta.21", "beta.22", "beta.23", "beta.24", "beta.25", "beta.26", "beta.27", "beta.28", "beta.29", "beta.30", "mu_alpha", "mu_beta", "sigmasq_y", "sigmasq_alpha", "sigmasq_beta", "sigma_y", "sigma_alpha", "sigma_beta", "alpha0"], "mean": [239.8806260599991, 247.8012154400006, 252.44879362000054, 232.5635765600023, 231.60309657999701, 249.75471523999857, 228.69921717999853, 248.38837894000125, 283.31315807999977, 219.25137750000033, 258.2181941199982, 228.1414062000014, 242.400150619999, 268.2460753600011, 242.79812587999973, 245.30588261999958, 232.1802019999984, 240.4827877600007, 253.78325344000007, 241.63626420000054, 248.59084691999902, 225.2383028200008, 228.5238042200005, 245.10721162000007, 234.4952062999995, 253.97325118000194, 254.36919855999957, 242.98136375999857, 217.89918892000037, 241.44335252000207, 6.065173965600053, 7.051941698800109, 6.4834085571999704, 5.3413096130000195, 6.56910548139998, 6.175534186600039, 5.978517882200053, 6.415435789800001, 7.051658276600059, 5.8464023616000285, 6.799178188599996, 6.120356084599949, 6.164210041800097, 6.690059992799995, 5.418322727199936, 5.923740139799962, 6.2741461072000595, 5.8450030563999755, 6.405361889600036, 6.053878866600016, 6.405650285400045, 5.855931867800083, 5.746794519399978, 5.890162017399996, 6.908623791600041, 6.548205321800054, 5.900185543399986, 5.845307350599989, 5.671443194600001, 6.130444741799963, 242.47568771999903, 6.185985363000056, 37.26159924999983, 218.32037051400275, 0.2756107931899966, 6.0865233474000915, 14.62881850999986, 0.5168617114000021, 106.38400786400017], "std": [2.6877242908433265, 2.677700116939266, 2.687920270887654, 2.6734066085352213, 2.6731481063152263, 2.689144983434528, 2.682856615935431, 2.7078809474016268, 2.7280862062782774, 2.688673754683406, 2.6884285173873743, 2.6834421449015373, 2.676391073330726, 2.696431128595029, 2.662928104232896, 2.651070929011461, 2.6780853912878446, 2.6811288505376645, 2.6888175876876774, 2.6832078387670184, 2.6726238607005333, 2.688577790596289, 2.671899777148988, 2.6625724263932127, 2.6781054071403925, 2.6893053004769367, 2.6701257410944255, 2.701419405916483, 2.709089251667945, 2.6878935692584847, 0.24160187157484583, 0.2559426089201127, 0.24495984267808685, 0.25324317741067814, 0.2416322812109462, 0.24132167016255707, 0.24273746595697798, 0.2440027203696589, 0.25350220844205923, 0.24298015110291402, 0.24802800281608775, 0.24408843219441131, 0.24188488850887835, 0.24717394250925032, 0.25409243730631037, 0.24217892737668756, 0.24362662995264783, 0.2452644098460492, 0.24272415748942539, 0.24149539577189733, 0.24308203175535872, 0.24306373557126304, 0.24550418377705524, 0.24351602178009848, 0.2509491204058552, 0.24427857850816326, 0.24381767463719103, 0.2466055042472198, 0.24885052039965586, 0.24200145776782, 2.7440458202883176, 0.10815434211393861, 5.75115671005711, 64.1429387258899, 0.1005399908730667, 0.46457777639241166, 2.0779902466479983, 0.0920041580970239, 3.6302458399532593], "skew": [-0.005557187493598951, -0.029242517152558357, -0.006979858618682673, 0.01088547263491093, 0.005588290777956597, 0.004862392149096418, -0.004489757488896765, -0.005445404782238926, -0.035566214360329536, 0.019719995747570575, -0.007361131247283036, 0.006629866418397493, 0.012387842249262803, -0.02087087974494254, 0.01400572705618359, -0.006491220498539296, 0.008440861873787727, 0.005789342217634603, -0.0001412267843241309, -0.0018367624782892735, -0.013155003073821496, 0.020984027533633074, 0.007797487993436893, 0.008290355134526502, 0.017188068022834523, -0.011301644446887403, -0.010064063021673036, 0.007924608588441706, 0.017598706508596476, 0.01110192391003353, 0.0005359292225088961, -0.006881906209938303, -0.002640825229825775, 0.010176981470460348, -0.007852323155309133, -0.0005553358087625491, -0.002114469482610612, 0.0031956829365199038, -0.013275848626325647, -0.007100485291602768, 0.015588128064458563, -0.009401067478086994, 0.013683494641671129, 0.012791672224530828, 0.009835952694979846, 0.0038622367309038763, -0.008439528134049324, -0.0031205726563056316, 0.007489383773876516, -0.0012479500562631455, -0.006314192091371949, 0.006867799174618966, -0.0034858640904110133, -0.0011118629744190746, 0.004531835913670654, 0.006074333136727004, -0.008136063813470906, -0.0035202447300614137, -0.007981703659033099, 0.007062609633409893, -0.011305765593599356, -0.0007505626338059325, 0.6536447166551922, 1.233790069889709, 1.1897918781005947, 0.4032555709413968, 0.690556631019042, 0.5403767865749763, -0.01154035606760328], "kurt": [3.1113542337905633, 3.124052655922304, 3.0696037239188, 3.0341073820923654, 3.0679949134238877, 3.1091670251776944, 3.0219508178535124, 3.0130219539063963, 3.044844928270151, 3.0500643075704863, 3.0522505239920585, 2.994342158326218, 3.093732776159742, 3.0474117851679456, 3.124934904787146, 3.127691002132163, 3.0127983738138875, 3.0215411722554597, 3.0043360033162565, 3.0951268914133947, 3.0746526748259995, 3.0478734858093866, 3.0272783789503603, 2.9827209290164105, 3.062585692527623, 3.0946826936387084, 3.038743201611297, 3.056384423333673, 3.0519234604199514, 3.094389345568522, 3.098674380464228, 3.0521059034705864, 3.0354570612808884, 3.0417293795606275, 3.081515872409192, 3.109339869684805, 3.03488999248254, 3.0420566706502803, 3.0685264879312224, 3.106222839296887, 3.010772200144654, 3.064158500897147, 3.040875994861557, 3.0809476000460077, 3.0176260402363977, 2.9821087341911814, 3.095090203054238, 3.021186355085205, 3.0463592224879354, 3.037046070141171, 3.069806087322097, 3.068048354215303, 3.054615421703881, 3.0776215829763554, 3.0709026435885867, 2.99510852236461, 3.074829501451072, 3.04866563417482, 3.083033929242737, 3.0627762868634463, 3.2379048376008295, 3.1828838053949773, 3.8572406241171464, 6.035798101789124, 5.808222096626066, 3.3324390773204895, 3.97420139378559, 3.69228400090387, 3.105606927400322], "step_size": 1.1655316626253813}