{"param_names": ["mu.1", "mu.2", "sigma.1", "sigma.2", "theta"], "mean": [-0.24496651815685613, -0.2936946338531201, 1.0324114985799975, 1.0231516007199997, 0.5035860374140007], "std": [0.765675263180211, 0.7658397316449457, 0.16067757549820746, 0.16112662786202778, 0.1655411403990769], "skew": [-0.00999602197203971, 0.10476275392820868, -0.19024227261659118, -0.23326002029275714, 0.003919707256964062], "kurt": [1.4078699084124153, 1.4126576991779631, 2.6145722739597375, 2.7684726414168264, 2.351345564497443], "step_size": 0.5}