{"param_names": ["mu.1", "mu.2", "sigma.1", "sigma.2", "theta"], "mean": [-2.7328871900000027, 2.869346116999998, 1.0287244854999962, 1.0236723659799911, 0.6213828023399989], "std": [0.04225863807288682, 0.05382358551778175, 0.03143403221009238, 0.04043029272705306, 0.01529527248485299], "skew": [0.028187211769677447, -0.013143449357702727, 0.16004570910651275, 0.19308635598200852, -0.025202201779235118], "kurt": [3.0055834055650927, 3.0431029606662987, 3.040782991472426, 3.0748172613816847, 2.939709492821033], "step_size": 0.0009910238693887998}