{"param_names": ["beta", "dL0.1", "dL0.2", "dL0.3", "dL0.4", "dL0.5", "dL0.6", "dL0.7", "dL0.8", "dL0.9", "dL0.10", "dL0.11", "dL0.12", "dL0.13", "dL0.14", "dL0.15", "dL0.16", "dL0.17", "S_placebo.1", "S_placebo.2", "S_placebo.3", "S_placebo.4", "S_placebo.5", "S_placebo.6", "S_placebo.7", "S_placebo.8", "S_placebo.9", "S_placebo.10", "S_placebo.11", "S_placebo.12", "S_placebo.13", "S_placebo.14", "S_placebo.15", "S_placebo.16", "S_placebo.17", "S_treat.1", "S_treat.2", "S_treat.3", "S_treat.4", "S_treat.5", "S_treat.6", "S_treat.7", "S_treat.8", "S_treat.9", "S_treat.10", "S_treat.11", "S_treat.12", "S_treat.13", "S_treat.14", "S_treat.15", "S_treat.16", "S_treat.17"], "mean": [1.542149125847997, 0.036144106403240145, 0.039081705564145544, 0.02125568177223286, 0.04474249493984399, 0.049498442054813706, 0.08304899995795999, 0.02924424065801026, 0.11870086929640214, 0.04066655114389751, 0.0847757972834995, 0.10587111364563954, 0.06926366262729403, 0.07154732141065132, 0.0848649802448517, 0.08819190050740844, 0.25841155365681834, 0.3960776694086226, 0.9266489667999946, 0.8534274191799944, 0.8161748218000036, 0.7429125833000009, 0.6696075000400025, 0.5628239458999973, 0.5295693243000011, 0.4138084955920018, 0.3805660841620036, 0.31996033467999824, 0.2583475599140007, 0.22506655912200005, 0.19542084433399967, 0.16575026875920015, 0.1397914871630011, 0.08675994350854063, 0.044394877604314945, 0.982706076639984, 0.9644054170200033, 0.9546021364599907, 0.9344073602200046, 0.9126310131199995, 0.8774332748600058, 0.8653757986200091, 0.8182463215400044, 0.8028424017000004, 0.7716797014399969, 0.734767362979996, 0.7118309162399961, 0.688927206380001, 0.6629041235799954, 0.6369647203000002, 0.5675547473599968, 0.4776028832319993], "std": [0.42399755800586353, 0.026326212484761212, 0.028151696430060935, 0.021695439342462458, 0.032424180676744206, 0.03557950013723058, 0.0485679296167012, 0.029467877604108572, 0.06148107804434241, 0.04148023380369203, 0.060615687576468534, 0.07605626815360048, 0.06841805469653164, 0.07237203191087799, 0.08489800676449268, 0.08910298938680034, 0.18277444042946972, 0.2823453320214996, 0.04955807931013332, 0.06752403625007358, 0.07425186622325099, 0.08464648649627397, 0.09146400761282704, 0.09753114603993882, 0.09813020672218672, 0.09487052960231018, 0.09387397199561896, 0.08999532335559461, 0.08497525223621744, 0.0820476224460704, 0.07811403965757766, 0.0736522364170726, 0.06842827953559198, 0.054984209976603075, 0.038995319447931484, 0.013954374245857104, 0.0215351196157654, 0.025301002248830883, 0.032267633017607183, 0.03909155692684671, 0.049287067146436984, 0.05271970755934812, 0.06509857209200091, 0.06889480841618668, 0.07660924195508592, 0.08507846809893149, 0.08945860960056252, 0.09387135523679138, 0.09841073821599834, 0.1022639411331143, 0.1126994282023264, 0.12098743134286627], "skew": [0.17174535610735245, 1.5298719457326568, 1.4991664242454117, 2.029313844361816, 1.5132282155507193, 1.4631588782863603, 1.191098489909783, 2.0241250055296036, 1.078012968856821, 2.065752119343691, 1.4251840401848281, 1.4590603120541519, 1.9460272295683343, 2.122819110154913, 2.0024296077667194, 2.045455116171958, 1.410718558007762, 1.4232293168951031, -1.2047765885548196, -0.762215593023653, -0.6332442515973336, -0.4591406736229157, -0.31491061366760575, -0.13803661191729177, -0.07183470441478397, 0.112608997455017, 0.161900163385576, 0.2740850786811869, 0.4022050295549124, 0.47547269547183246, 0.5582107392611331, 0.6634212421534755, 0.7858513854081883, 1.148710191839298, 1.7010951439437982, -1.899297845141084, -1.4241574136816606, -1.3109524558107006, -1.1187943591044835, -0.9650093093599325, -0.8148040575148525, -0.7757905274243726, -0.6447912073781754, -0.6113953962225713, -0.5404704773395033, -0.45864792004223615, -0.4037734203525683, -0.3574091680904862, -0.3097472521686559, -0.2559520938076293, -0.14480868113816367, 0.018083784196921655], "kurt": [3.107741254907462, 6.637707780102325, 6.399305664645549, 8.966552516398599, 6.504906713043501, 6.202300476722058, 5.102071381771556, 9.011184578404212, 4.824240718493489, 9.549716568697912, 5.951968202730765, 6.195717743842497, 8.609952237246608, 10.111735805089985, 8.880316083811874, 9.31135911966109, 5.969125896339707, 5.923081665009928, 4.88380996876712, 3.6408200197315894, 3.3762296741718654, 3.1072934259288654, 2.9545008028912894, 2.80740056641501, 2.7758534799771644, 2.7982372947712792, 2.816657584897218, 2.897394257654177, 2.99316178384401, 3.0623633201353875, 3.169729174974959, 3.371439616258532, 3.645558324782298, 4.708711896051963, 7.018862355498636, 8.912592965025482, 6.273390024342466, 5.701629126694129, 4.844151337513054, 4.288868075518865, 3.918953265614512, 3.813188026011392, 3.481455201131094, 3.445083890822477, 3.287058564311686, 3.116481676713303, 3.0277226548951304, 2.954984898706412, 2.9174639540153673, 2.8562962891462536, 2.7641372073834676, 2.701542537223786], "step_size": 0.40282651117800006}