{"param_names": ["z.1", "z.2", "delta_var1", "delta_var2", "delta_corr"], "mean": [-0.012250555085247573, 2.9778730192497793, -0.00026607612060399263, 0.027974116512739844, 0.0037372440204559887], "std": [0.999791890276542, 2.0068593652021014, 1.4177836457955626, 5.724637280996884, 1.139615448139189], "skew": [-0.007217212763243396, -0.00011988284619708465, 2.865969849757035, 2.8666949889238644, 2.488493160861899], "kurt": [3.010830072112443, 3.0198658745309874, 15.201008411709244, 15.25043886581284, 14.462899292184877], "step_size": 0.2}