{"param_names": ["a.1", "a.2", "a.3", "a.4", "a.5", "a.6", "a.7", "a.8", "a.9", "a.10", "a.11", "a.12", "a.13", "a.14", "a.15", "a.16", "a.17", "a.18", "a.19", "a.20", "a.21", "a.22", "a.23", "a.24", "a.25", "a.26", "a.27", "a.28", "a.29", "a.30", "a.31", "a.32", "a.33", "a.34", "a.35", "a.36", "a.37", "a.38", "a.39", "a.40", "a.41", "a.42", "a.43", "a.44", "a.45", "a.46", "a.47", "a.48", "a.49", "a.50", "a.51", "a.52", "a.53", "a.54", "a.55", "a.56", "a.57", "a.58", "a.59", "a.60", "a.61", "a.62", "a.63", "a.64", "a.65", "a.66", "a.67", "a.68", "a.69", "a.70", "a.71", "a.72", "a.73", "a.74", "a.75", "a.76", "a.77", "a.78", "a.79", "a.80", "a.81", "a.82", "a.83", "a.84", "a.85", "mu_a", "sigma_a", "sigma_y"], "mean": [1.0625780328340089, 0.8884449131800056, 1.2258410544600014, 1.2224245513999994, 1.288637123079995, 1.3739697968800004, 1.714623328400007, 1.431844616939993, 1.0822760725799925, 1.2581987584999887, 1.3482884253199958, 1.4687166118000083, 1.1797906687639959, 1.6289428498399983, 1.1827347320200121, 1.1546161872752114, 1.0898089152913997, 1.0719787705200023, 1.2937698560199975, 1.4644162962200051, 1.5076217470999955, 0.9308296365388076, 1.2448329345119933, 1.6746835536399938, 1.6733953664599897, 1.2866251203200008, 1.416125946479993, 1.0924783961279967, 1.2295104349679795, 1.0691773236200008, 1.616807587240011, 1.2827138480000049, 1.595543843659982, 1.244679043999997, 0.844912265750947, 1.617247259560015, 0.7406359433321921, 1.3825901349799916, 1.4367625333999965, 1.6223330989200098, 1.6197523660400117, 1.3160538402939999, 1.2469746832799982, 1.117912966500004, 1.1537318763800004, 1.2677845170399888, 1.1222903531765953, 1.169800338739995, 1.4955950003800043, 1.4698457783400125, 1.6337498181800043, 1.5047896211000087, 1.2125758195060028, 1.234706931540001, 1.3301796436600029, 1.0887385640851874, 0.9896581078686005, 1.448981069239997, 1.3287514029600025, 1.302482823219995, 1.1299381552800078, 1.537512992319999, 1.347137533620006, 1.604424332900003, 1.307140331662013, 1.2717866895599992, 1.4876644496600064, 1.1895236909400007, 1.2847211032799977, 0.7986830284399943, 1.3625486177600044, 1.4715957994000128, 1.4230752816199816, 1.185355417577996, 1.3627199240199992, 1.5053944741800087, 1.5190012401399997, 1.1727191933399939, 0.97588242715079, 1.2580018809400026, 1.601790658739995, 1.4340270979060041, 1.4048548240200096, 1.4946991628799948, 1.2792562821400044, 1.3091278443999996, 0.3149352228400003, 0.7991384627400007], "std": [0.25041699909713366, 0.10502598090498148, 0.2640209764589485, 0.21796818470112925, 0.24767686554117394, 0.26217202917771903, 0.18146747161931281, 0.249958914764768, 0.19887830932272313, 0.22531585996040182, 0.234504241044448, 0.24940281798011557, 0.2265998590633341, 0.17960654642405127, 0.2502997528576725, 0.279970657070831, 0.2494479198458029, 0.1859309619362476, 0.09560096685770984, 0.2654397940504214, 0.20533371408221784, 0.23419246951443054, 0.27730517130876586, 0.21008904481168106, 0.1791491775043971, 0.07604329444815265, 0.22775313638848374, 0.23915441587925873, 0.26227589756405256, 0.19096542372530964, 0.2429034369337314, 0.2474835796325461, 0.25453516793513187, 0.2604951036832968, 0.22879555826298817, 0.2886862515409707, 0.21507431719411566, 0.24800434760284698, 0.23628953546563913, 0.2543451328889102, 0.21442778436765583, 0.2957664998633834, 0.20281604747740714, 0.21887198474821035, 0.1808533994758897, 0.23689027085882228, 0.28420024110434194, 0.20415413773975657, 0.18131153775029094, 0.302402183779708, 0.25540923116621334, 0.26716001140837153, 0.2602840919942282, 0.14716043055455166, 0.21037912968574338, 0.26386378606461375, 0.23177391008252954, 0.24757243056545786, 0.24798621878071433, 0.2793236363934607, 0.12834050537750294, 0.24264717919874146, 0.262855873470117, 0.19410511545439824, 0.2767721573477582, 0.1748583574692254, 0.1820223234647928, 0.20947637285074133, 0.24783730394249143, 0.07281617950088212, 0.14252457124361406, 0.19673951421187574, 0.2764345208590359, 0.24857681446672364, 0.26120060239775034, 0.25056490803666454, 0.22168705032579522, 0.23682852571875096, 0.2569423832588724, 0.11095620982855461, 0.26985404655325806, 0.3001558937592614, 0.18277174514726705, 0.18258291488693398, 0.27910053357172515, 0.049390515232387744, 0.04864761474129319, 0.01950023860107324], "skew": [-0.09252779345256817, 0.01468696884360597, -0.03344610506168947, -0.02342540815888201, -0.018902898530698962, 0.03288881542667606, 0.052795894306715684, 0.05707657263691287, -0.04256655382999867, -0.011129275514309457, -0.001466526231989752, 0.07006995077037849, -0.025627839104692757, 0.04274011870079402, -0.03697458100844966, -0.07134339776600696, -0.07556139892159502, -0.04600659623767743, 0.008063740494116185, 0.07479727226474851, 0.0477289427218393, -0.1091421458310386, -0.027571464597804466, 0.07013893529155457, 0.050342264932229604, 0.02971562842025428, 0.032711455358115156, -0.07401779087899481, -0.020154346961606534, -0.033372348752549325, 0.10389285428573829, -0.0019277336681538808, 0.11797895303596459, -0.03639537341447935, -0.10399068436473544, 0.1601133759237942, -0.07605238921722124, 0.03898053265890347, 0.04407670201216805, 0.12717928982962837, 0.06286582949451709, 0.02115469456981859, -0.00026828420730910986, -0.044399809618370624, -0.015923394599613998, -0.013921094106396179, -0.10750152131076511, -0.035216777728714115, 0.032372316104063735, 0.1085447739949807, 0.11904461325871815, 0.09312654798295981, -0.05031416622522835, -0.003995985064629768, 0.00810799390461506, -0.11448587307566051, -0.08565551353768576, 0.07138251901296584, 0.019459092940403273, 0.022003420565046516, -0.009211794200040866, 0.08656387054782956, 0.02588507250970962, 0.06108903898978738, -0.0019115286979701062, -0.0037750191463511384, 0.039721943039609825, -0.009526374561025688, -0.013211578830111566, 0.01366906484455924, 0.02331428035123367, 0.05020704246910278, 0.08131650225503391, -0.04681525472117828, 0.02960591158926652, 0.07792245771594154, 0.04597271022124156, -0.047071329764278295, -0.13371921471376702, -0.012593138782913852, 0.12364734862811412, 0.09581852499834388, 0.012970818379541149, 0.04788460923110173, -0.004869301872056999, 0.020841564658718864, 0.2689022972150402, 0.11136873575458309], "kurt": [3.101049826228301, 2.9480398763509013, 3.109055924812155, 3.0124684579559124, 3.12386996128987, 3.126180563984259, 3.0194199278044063, 3.117397602358396, 3.03179734887441, 3.099366892248379, 3.058668641328599, 3.138978885307248, 3.1027932379606367, 2.9618429972336413, 3.120273298530113, 3.1622357329685538, 3.081393284581767, 3.0453557629433865, 2.977538678633729, 3.1143163309820703, 3.0340192541525983, 3.0750346536585087, 3.146983297286562, 3.0668005103702924, 2.980398261879681, 2.9790296648780368, 3.071663880110904, 3.0167551246000976, 3.199346236769865, 3.0272258457198293, 3.0769140642693817, 3.1355645000843855, 3.126024148407416, 3.0978786706990307, 3.0636760909896505, 3.194720488486443, 2.998241566022728, 3.1402508961094266, 3.0571432446002573, 3.037649098198189, 3.0054987655184444, 3.1922860861141014, 3.0212820191408727, 3.057160325327653, 3.04217838537147, 3.001811123883416, 3.1691869001100685, 3.0864257007701617, 3.074845300047009, 3.107041360745139, 3.060481487470667, 3.0926521170364665, 3.1297573824449643, 3.0843665532667535, 3.038092660041733, 3.1143196449208035, 3.1292794222323868, 3.0629787826102137, 3.113449083689825, 3.152303257681932, 3.0388157265291564, 3.013733446466798, 3.1790874774119255, 3.0639283491619573, 3.1119515463990073, 3.031923414911311, 3.060587268716137, 3.0553549998825864, 3.0766367066003393, 2.9796070541034823, 2.969443992451989, 3.0453282014744585, 3.191723361411677, 3.0939680328217922, 3.094422090780035, 3.1290669747511446, 3.010319044711136, 3.034753123800363, 3.077253040131012, 3.069886750197208, 3.092820409541982, 3.1947692255975184, 3.062212332013185, 3.055463440772333, 3.194143758507442, 3.0707172268333904, 3.1494396569979917, 3.023278659292285], "step_size": 0.019789783980359757}