{"param_names": ["beta.1", "beta.2", "sigma"], "mean": [1.3268417943999968, -0.6133836494400003, 0.8236174624800027], "std": [0.02983397000853398, 0.07340835545617268, 0.019305992525588397], "skew": [0.0003777577917538973, -0.011368068294091113, 0.11817224334536162], "kurt": [2.9726424906546542, 3.0415034472729348, 3.076197514665776], "step_size": 0.5}