{"param_names": ["beta.1", "beta.2", "sigma"], "mean": [-61367.06472399968, 1263.052346639997, 18881.851226000086], "std": [9510.594645993791, 141.92647749172684, 386.6793412547378], "skew": [0.012668192311486453, -0.01383760387671896, 0.1045695848971935], "kurt": [3.0162832576916716, 3.01706722201096, 3.0433278592428645], "step_size": 0.5}