{"param_names": ["beta.1", "beta.2", "beta.3", "beta.4", "sigma"], "mean": [87.63697020799985, 2.8428293813172925, 0.5883578854400014, -0.48355180915939694, 18.021796322000007], "std": [0.9076088400153931, 2.4163936501912318, 0.06064209210981575, 0.16163317224041426, 0.6180372759060464], "skew": [-0.008583328921827086, 0.003702673849067557, 0.008366773233092142, 0.00673130869491206, 0.17968528191573488], "kurt": [3.02155258184942, 3.034937697339815, 3.012768529872917, 2.9891754463261377, 3.0531738408208953], "step_size": 0.5}