{"param_names": ["beta.1", "beta.2", "beta.3", "beta.4", "sigma"], "mean": [86.82789574199953, 2.8346194365216695, 0.7270929162800057, -0.4845040120965406, 18.01571928600016], "std": [1.2100716793395745, 2.421917744289951, 0.08102065342315239, 0.16142636533649868, 0.6133810263881111], "skew": [-0.00998026549337763, -0.0055949106582030015, -0.003325991203837978, 0.011208096332352029, 0.19204516835650656], "kurt": [3.0245181134865247, 3.062555083849595, 3.0345327208517476, 3.006052112340838, 3.0756279013374903], "step_size": 0.5}