{"param_names": ["beta.1", "beta.2", "beta.3", "beta.4", "sigma"], "mean": [87.6421705600003, 2.340090812178381, 17.6383272719999, -11.94200403607335, 18.022777290000036], "std": [0.9094215265307328, 1.9906835450637332, 1.8129345465838642, 3.9949001146262995, 0.6135068319935094], "skew": [0.006732007359715512, 0.0037326746295564305, -0.006707202412877784, -0.02049998492095724, 0.17367387185193287], "kurt": [3.0140241742305673, 3.029910130002742, 2.9964555174841614, 2.991136271696888, 3.050974175201794], "step_size": 0.5}