{"param_names": ["beta.1", "beta.2", "beta.3", "beta.4", "sigma"], "mean": [82.00521405200013, 3.8615751050810347, 11.475917302164058, 5.20404435783872, 20.292232147999933], "std": [2.343731669823866, 3.136983167989721, 3.6020055939502207, 2.744620299512555, 0.6978302267227626], "skew": [0.021791311280992924, -0.01152194488951335, 0.005777007198492421, -0.029761380265013612, 0.1961820606953153], "kurt": [3.005217656082245, 3.01706588977081, 3.008627024028375, 3.0323233277092005, 3.0655991816312107], "step_size": 0.5}