{"param_names": ["beta.1", "beta.2", "sigma"], "mean": [2.5076200306000085, 0.025573380223999992, 0.3883717912800045], "std": [0.19749721890249552, 0.0029470675291103513, 0.0080690295852305], "skew": [-0.01893263378491176, 0.019602989726244635, 0.09413776918775175], "kurt": [3.010913079420296, 3.0100099177551876, 2.9725532250226703], "step_size": 0.5}