{"param_names": ["beta.1", "beta.2", "beta.3", "sigma"], "mean": [3.642825712382544, 1.402380160126522, 0.42256611828000046, 0.8815109032399987], "std": [2.59694695322853, 0.6230534865507411, 0.07200236934096747, 0.018198365908350066], "skew": [-0.019508485002187013, 0.019419870260784493, -0.024887943617456693, 0.12097761361525601], "kurt": [2.957679659123539, 2.9577106867856866, 2.9728293763104934, 3.064187223507723], "step_size": 0.5}