{"param_names": ["beta.1", "beta.2", "beta.3", "beta.4", "sigma"], "mean": [9.52716980339997, 0.06581434129953054, 0.4192892370440023, 0.028047205651824614, 0.8822542896600091], "std": [0.04512333447450661, 0.04988184640575663, 0.07274819908521682, 0.07116440212802755, 0.018039964467665693], "skew": [-0.009110878430216034, -0.0014659780343598034, -0.02176985215811239, -0.016505105659516288, 0.10832069843945355], "kurt": [3.033005959591335, 3.000489675465633, 2.9876949011303493, 2.9812741829104916, 3.0439631360624944], "step_size": 0.5}