{"param_names": ["beta.1", "beta.2", "beta.3", "beta.4", "sigma"], "mean": [8.39978250019995, 0.01683486778937715, -0.09489582132503932, 0.0076879358340066406, 0.8823282262599981], "std": [0.8536641331533372, 0.013202531361142278, 1.264874352343416, 0.018746035456063702, 0.018120242064543508], "skew": [-0.002374634983758464, 0.002405824310403883, 0.008680034364527968, -0.008870507234847362, 0.10857437568152173], "kurt": [3.0181954914189895, 3.018729759115393, 3.0387087270495496, 3.035151667498799, 3.0028768406261994], "step_size": 0.5}