{"param_names": ["beta.1", "beta.2", "sigma"], "mean": [5.777528511999969, 0.058833969695999605, 0.8939875748200069], "std": [0.4465752405349722, 0.006663323778240222, 0.018274797810532897], "skew": [-0.0183346817327305, 0.019597437041054478, 0.09130746379955372], "kurt": [2.9998233656754665, 2.9987163065774287, 3.0092116152215875], "step_size": 0.5}