{"param_names": ["beta.1", "beta.2", "beta.3", "sigma"], "mean": [8.15441236640008, 0.020632613027718388, 0.42293268054000377, 0.8819745541000001], "std": [0.6092747115928332, 0.009419781451562952, 0.07313903134081176, 0.018087301864319023], "skew": [-0.00771471362698416, 0.006884870130114147, -0.0029836265157493864, 0.07559337733260639], "kurt": [3.022787206910995, 3.026022986714448, 3.0261843750081874, 2.9960639003467646], "step_size": 0.5}