{"param_names": ["beta.1", "beta.2", "beta.3", "beta.4", "beta.5", "beta.6", "beta.7", "sigma"], "mean": [5.352639930999989, 0.39220835259877984, 1.152320468400001, 0.3745010515074456, 0.3921461253551507, 0.10998974172712639, -0.5839517253699975, 0.3405478666600013], "std": [0.17637578814604263, 0.29259493180716145, 0.21814208881304537, 0.29060928515199264, 0.32365203384075153, 0.12627572266358017, 0.13275798206548, 0.040411081670905416], "skew": [0.024822281239087706, -0.0336660576864648, 0.023786137200787857, 0.014322989529625737, -0.027572797734307066, 0.020093063467998076, -0.008505668257671906, 0.650632988759011], "kurt": [3.1365950944049894, 3.111953756294063, 3.1132321171308277, 3.1864609726198205, 3.172484585979764, 3.1582478939058976, 3.195141130770358, 3.9513735438356776], "step_size": 0.00226524637625}