{"param_names": ["beta.1", "beta.2", "beta.3", "beta.4", "beta.5", "beta.6", "beta.7", "sigma"], "mean": [5.3507114211999935, 0.3727258739062602, 0.3999001976860447, -0.378220386718074, 0.39437448576297474, 0.10815483037222035, -0.5821695574080012, 0.34039291553999973], "std": [0.17792820530137227, 0.2917059716381907, 0.3058008299294116, 0.2408454141996299, 0.32489695437481036, 0.12720284003998927, 0.1345938002083369, 0.04009502596738835], "skew": [-0.013950989347284141, -0.0035823036465611837, 0.014650916987297898, 0.015562085358348647, -0.01536376282573673, -0.018357914993222545, 0.0077096412336913845, 0.6004260493765877], "kurt": [3.1749730015652693, 3.154749320935946, 3.169722477673808, 3.194355033900036, 3.134367713675559, 3.171160101130042, 3.192909657513335, 3.7644794975695843], "step_size": 0.00106605511008}