{"param_names": ["beta.1", "beta.2", "beta.3", "beta.4", "beta.5", "beta.6", "beta.7", "sigma"], "mean": [-727.8444962220004, 189.8967741723186, 371.46299822845833, 354.65103920589263, -101.34759600473508, 131.23856519880172, -363.5554276210437, 277.7290519599988], "std": [154.6298774261374, 117.43393400591331, 129.20651101061512, 219.37889409275212, 194.35333709530906, 35.4830306856977, 104.02948359178755, 32.781132684893656], "skew": [-0.0006826742973932538, 0.028298915134380907, -0.0022778447430289203, -0.022473139692087765, -0.01939611168386712, 0.005990038396299845, 0.007084422640005462, 0.6151411556205862], "kurt": [3.20682723596835, 3.161543344452102, 3.1791768531287956, 3.183440486534143, 3.1793313330159436, 3.141042981663645, 3.169942992204624, 3.7811641094181168], "step_size": 354.33135083314}