{"param_names": ["beta.1", "beta.2", "beta.3", "beta.4", "sigma"], "mean": [5.2243546897999815, 0.6170189481660229, 0.2858643456155616, -0.5267370584360783, 0.34791548295999797], "std": [0.09128127894853724, 0.1982630607057411, 0.24640860068356601, 0.11930151394558322, 0.039606898194077096], "skew": [-0.003136312432456985, 0.008799200312013474, -0.023376150507603218, -0.013839677825872657, 0.5819168048641016], "kurt": [3.1049180715684344, 3.173841341253636, 3.1607406155323856, 3.2102705092098653, 3.68314708415288], "step_size": 0.5}