{"param_names": ["beta.1", "beta.2", "sigma"], "mean": [5.168985857199982, 0.722874856900005, 0.4261761881799984], "std": [0.08645390705819844, 0.05652211270787342, 0.04720891463613035], "skew": [-0.00967799021913412, -0.014984390992678627, 0.5758824375095009], "kurt": [3.124238088261627, 3.128101432760024, 3.6920418368994237], "step_size": 0.5}