{"param_names": ["beta.1", "beta.2", "beta.3", "beta.4", "beta.5", "beta.6", "sigma"], "mean": [5.307119608999996, 0.38557840043669167, 0.4124491702293465, -0.3132721062343357, 0.42333639813626245, -0.5390326283714028, 0.3395463831000019], "std": [0.1703415759812943, 0.29420700488450774, 0.3081489828584709, 0.22694467707114652, 0.32513834235312855, 0.12417457749787777, 0.03958331272974486], "skew": [0.01976560041110717, -0.014309721951976577, 0.006784993844330846, 0.004942066787995466, 0.004411881536825951, 0.005803976452378005, 0.5915734251306645], "kurt": [3.2010232596934385, 3.27426756537728, 3.2562751606850697, 3.198189130566718, 3.184389083887206, 3.204827821306904, 3.6317714013442752], "step_size": 0.0009516854941399999}