{"param_names": ["theta.1.1", "theta.2.1", "theta.3.1", "theta.4.1", "theta.5.1", "theta.6.1", "theta.7.1", "theta.8.1", "theta.9.1", "theta.10.1", "theta.11.1", "theta.12.1", "theta.13.1", "theta.14.1", "theta.15.1", "theta.16.1", "theta.17.1", "theta.18.1", "theta.19.1", "theta.20.1", "theta.21.1", "theta.22.1", "theta.23.1", "theta.24.1", "theta.25.1", "theta.1.2", "theta.2.2", "theta.3.2", "theta.4.2", "theta.5.2", "theta.6.2", "theta.7.2", "theta.8.2", "theta.9.2", "theta.10.2", "theta.11.2", "theta.12.2", "theta.13.2", "theta.14.2", "theta.15.2", "theta.16.2", "theta.17.2", "theta.18.2", "theta.19.2", "theta.20.2", "theta.21.2", "theta.22.2", "theta.23.2", "theta.24.2", "theta.25.2", "phi.1.1", "phi.2.1", "phi.1.2", "phi.2.2", "phi.1.3", "phi.2.3", "phi.1.4", "phi.2.4", "phi.1.5", "phi.2.5"], "mean": [0.8980301468179885, 0.9440069413999945, 0.6142274401660061, 0.5808013801100009, 0.046243533871150315, 0.9360728063000071, 0.8993910162179976, 0.041090319975221785, 0.9271052730599985, 0.0374678028669301, 0.9278602166200075, 0.8733306251259905, 0.3193256470544908, 0.949537927619986, 0.06794499210918596, 0.848964946680002, 0.1864904782397649, 0.17642466694892028, 0.8000151558599944, 0.8972862835779927, 0.35474156993290124, 0.2423628009787809, 0.7023569793119926, 0.6128614503740001, 0.04640482424414031, 0.10196985290894604, 0.05599306046312435, 0.3857725599460002, 0.41919861990000207, 0.95375646591999, 0.06392719373219645, 0.10060898464934571, 0.9589096791799938, 0.07289472468503651, 0.9625321985199993, 0.07213978623878779, 0.12666937449940419, 0.6806743534426007, 0.05046207266221674, 0.9320550084599889, 0.1510350526085808, 0.8135095228799969, 0.8235753343999955, 0.19998484507588268, 0.10271371642496993, 0.645258429992397, 0.7576371999820088, 0.2976430203901994, 0.38713854964999983, 0.9535951765200037, 0.006865515443758913, 0.3947532218800002, 0.0025875023422356775, 0.33688712429999884, 0.280245428768, 0.2572017189179979, 0.40532508990000105, 0.00326642401209225, 0.304976462639999, 0.007891511073174446], "std": [0.12878606095363515, 0.07367853273152579, 0.13150329921108475, 0.13544308083439838, 0.061030145209913296, 0.08230218612134257, 0.12388246547771137, 0.05541740912175628, 0.0927148040630596, 0.050186959072254324, 0.09219945540288806, 0.14805559449039565, 0.20360568283578184, 0.06593609613389945, 0.08772391280835119, 0.11866490061032649, 0.13490127777159258, 0.1378605442954882, 0.14946197560325106, 0.12776033423422295, 0.18742821021518735, 0.17600732165448962, 0.16440811782207868, 0.13692983545498674, 0.06145505758740671, 0.12878606081434543, 0.07367853135778947, 0.13150329895724022, 0.13544308085403894, 0.06103014496595779, 0.08230218640862991, 0.12388246479636879, 0.055417408293936064, 0.09271480396387807, 0.05018696003501477, 0.0921994535593192, 0.1480555945989464, 0.20360568306011229, 0.06593609562505609, 0.08772391280903212, 0.11866490088133047, 0.13490127882487465, 0.1378605457165898, 0.1494619746726993, 0.12776033402208448, 0.18742821024869719, 0.17600732271398117, 0.16440811833625127, 0.13692983549741522, 0.06145505917018098, 0.012352039217366577, 0.04715784531847112, 0.00568517691510539, 0.045003039036509256, 0.048675146661564056, 0.05049133351937262, 0.04633835057508078, 0.006781536203506723, 0.04242945129935204, 0.01418635552578854], "skew": [-1.9882004878538855, -2.2853832428348446, -0.2120832354138543, -0.1736160748651069, 2.3122614535687793, -2.1908251909758505, -1.8999413924536495, 2.362495274459901, -2.098071504759509, 2.3692830120117154, -2.1146015637892814, -1.6805477393372474, 0.5402033814971671, -2.2891188649787626, 2.1281101075747175, -1.0812263128842523, 0.9352280250889806, 0.9816514755486988, -0.9197685895462925, -1.9338846996624737, 0.3134107608847092, 0.7636719471229845, -0.4809364030522711, -0.3140687577467741, 2.3103416035117226, 1.988200502802228, 2.2853833310551264, 0.21208325379246823, 0.17361607923848252, -2.3122614796182823, 2.1908251620544346, 1.8999414118179005, -2.3624953308181857, 2.0980715828283216, -2.3692828941968553, 2.1146016300871113, 1.6805477332788044, -0.5402033739575087, 2.289118928415255, -2.1281101301495724, 1.0812263233864674, -0.9352280042499778, -0.9816514404760441, 0.9197686068007694, 1.9338847124623049, -0.31341076626374464, -0.763671929083116, 0.4809363948175888, 0.3140687632929683, -2.3103414452154594, 2.8130690105234293, 0.12203286681106243, 4.125519289474663, 0.1940507725438202, 0.01235629234197525, 0.08357752830186314, 0.15947383773909812, 3.7694351954481244, 0.1716296892906355, 2.83570890922941], "kurt": [7.404720237348039, 9.85795918272969, 2.7477909387829325, 2.7130710120166834, 10.018152402602425, 9.068091168123882, 7.019990735377662, 10.164206216084304, 8.322317677285492, 10.417187019982848, 8.465717240977446, 5.832191366345383, 2.563646867353966, 9.84606997367935, 8.517263062037957, 4.103425772075059, 3.63346464830189, 3.716383050738631, 3.5098569367375196, 7.17905969314656, 2.5260333689462646, 3.043947213456979, 2.8295103685782967, 2.797791671491173, 9.878303393365597, 7.404720266581848, 9.857959654218881, 2.7477909174187816, 2.7130710147601578, 10.018152523023943, 9.068091040846072, 7.019990807014005, 10.164206635943293, 8.322317916950263, 10.417186524001925, 8.46571762618348, 5.832191300790124, 2.563646833203462, 9.846070217573198, 8.517263109605459, 4.103425755201814, 3.63346460066458, 3.7163829874919196, 3.5098569755572115, 7.17905972095144, 2.526033387618895, 3.0439471857738334, 2.8295103836079423, 2.7977916985578424, 9.8783025453896, 12.821374167345239, 2.964968372466312, 26.7267732844539, 3.029770379916113, 3.023119344139365, 3.010770581087138, 3.0051030284919693, 22.791474613942725, 3.0446544666785367, 12.968562165551972], "step_size": 1.2900908331223149}