{"param_names": ["N"], "mean": [47.800473858000004], "std": [28.97651624862862], "skew": [3.843928204221397], "kurt": [32.201351544419715], "step_size": 0.5}