{"param_names": ["alpha", "beta", "gamma", "delta", "tau.1", "tau.2", "lambda", "sigma.1", "sigma.2", "log_py.1", "log_py.2", "pM2"], "mean": [-0.00023123519533879968, 0.9999303534399931, -1.0786948425140545e-05, 0.9520845365199955, 6.666723059800032, 10.440708487000071, 0.6665759912492002, 0.3921862375400017, 0.31546858130000394, -44.806012308000085, -35.14988617200013, 0.99966], "std": [0.06250763496813395, 0.06270476729067273, 0.04882794087016358, 0.049760041618901775, 1.2118038651822016, 2.3394088590739957, 0.23548792437222615, 0.036375737512899894, 0.036443040189471226, 2.8593515425835707, 1.8090348791992628, 0.018435954002979885], "skew": [0.007832887881137727, -0.0009453215636804527, -0.010711885333964815, -0.005437469626808362, 0.3568951261691513, 0.4610502170377562, -0.5666358277462162, 0.48442550532632755, 0.6238854546185776, -1.3174999547675863, -1.0642167800471667, -54.204951902014365], "kurt": [2.9958514218623766, 3.0000907376920973, 3.105967938514004, 3.211981380955547, 3.20655093255152, 3.4213405729543696, 2.3966763914864666, 3.4669853012089313, 3.873296588736534, 6.299898573045591, 4.765688735749734, 2939.1768107105786], "step_size": 1.3789261394299999}