{"param_names": ["beta"], "mean": [1.87985847224], "std": [0.423536457376766], "skew": [0.30743106859771135], "kurt": [3.2126649327519403], "step_size": 0.5}