{"param_names": ["beta"], "mean": [1.87463011156], "std": [0.4209580994272438], "skew": [0.30693107208669285], "kurt": [3.242913382448743], "step_size": 0.5}