{"param_names": ["beta.1", "beta.2", "beta.3", "sigma"], "mean": [25.79363175280014, 5.9426632088522116, 0.5633456332599915, 18.142811115999944], "std": [5.852802499932712, 2.2029189450364908, 0.06033060348881622, 0.6196581223386629], "skew": [0.0009598622709797984, -0.013689380333638652, -0.01198909802879756, 0.157571060927826], "kurt": [3.005143640295241, 3.0611092197676744, 2.9943499596769123, 3.0492340839206684], "step_size": 0.5}