{"param_names": ["beta.1", "beta.2", "beta.3", "sigma", "kid_score_pred"], "mean": [25.7387670655998, 5.950865902205929, 0.5639262284399944, 18.14164445199997, 88.12460747400047], "std": [5.820670405757153, 2.210817503012154, 0.06007818102827903, 0.6208575950130115, 18.06056450242947], "skew": [0.013619915672829318, -0.006246200919182734, -0.005754590430971101, 0.17364252445647027, 0.012980040651675276], "kurt": [3.023285317499263, 3.0471154355688066, 3.030729511008439, 3.0658917257403053, 3.0372152137778405], "step_size": 0.5}