{"param_names": ["beta.1", "beta.2", "sigma"], "mean": [25.721104620919014, 0.610692262820002, 18.272114561999995], "std": [5.934440301945946, 0.05866893812580961, 0.6183880659852563], "skew": [-0.01853206260662693, 0.021103604443031082, 0.18528670138743522], "kurt": [3.0034641191013955, 2.9881696292696502, 3.056682873125643], "step_size": 0.5}