{"param_names": ["beta.1", "beta.2", "sigma"], "mean": [77.56428874200037, 11.750753619740925, 19.867039252000126], "std": [2.076705510079954, 2.3390336435734085, 0.6725069605979652], "skew": [0.020401794284305236, -0.018740118543449598, 0.17929995841248023], "kurt": [3.082823707164236, 3.0813768588510544, 3.0620674495783384], "step_size": 0.5}