{"param_names": ["alpha_lam.1", "alpha_lam.2", "alpha_lam.3", "alpha_lam.4", "alpha_lam.5", "alpha_lam.6", "alpha_lam.7", "p.1", "p.2", "p.3", "p.4", "p.5", "p.6", "p.7", "totalN.1", "totalN.2", "totalN.3", "totalN.4", "totalN.5", "totalN.6", "totalN.7", "fit", "fit_new", "mean_abundance.1", "mean_abundance.2", "mean_abundance.3", "mean_abundance.4", "mean_abundance.5", "mean_abundance.6", "mean_abundance.7"], "mean": [-1.6800942102463476, -10.847836635697114, -1.5996619530190006, -0.900923554440289, 0.35353282203491426, 0.0384864283135924, -0.04918340502474714, 0.22204367672108383, 0.4764341402057389, 0.5414797696899951, 0.6030851660799956, 0.5142113931000037, 0.6547714674199986, 0.5428008804399985, 47.97026, 0.725, 20.1975, 39.40236, 136.5586, 99.44902, 83.96676, 144.8872562579997, 94.59739668000029, 0.8771737760588028, 0.013562524115784494, 0.21271891832000092, 0.4148656426400033, 1.4373230431800048, 1.0467985347400117, 0.9644279490400033], "std": [1.1939915406063184, 5.451946447825003, 0.3175608894481408, 0.20510865136779963, 0.1354404902513267, 0.12042650062165945, 0.160231739872522, 0.17234119743690046, 0.2948701470687014, 0.12368342593585303, 0.08774599449270387, 0.05973621406364716, 0.05368797352266402, 0.07076750109461488, 280.30633930671706, 44.152176107186385, 5.376561517364042, 5.364392456783883, 14.687924497354809, 6.725557303272385, 10.384851231596985, 15.928911639267914, 11.65111077577049, 26.029664263984788, 1.3651075330738194, 0.0739851034078736, 0.08676374848416707, 0.1981720063719447, 0.12649167537471032, 0.15808031359564842], "skew": [1.1275542298817065, -1.0095106142423487, 0.201861514009456, 0.04619071521532281, 0.180907988856853, -0.004418195537467248, 0.1707166605304603, 0.8858214478042633, 0.08084781571445539, -0.23617899367846862, -0.3040583934666983, -0.1558026340547248, -0.26074597775775915, -0.2186586032498913, 19.394607944261807, 169.43091312199843, 4.058930984684422, 1.946970757695757, 1.046122319435132, 0.9691404579969372, 1.3782532072719909, 0.5643507571988867, 0.3444650357480769, 157.4292687230797, 213.8601391318722, 2.3056928400086734, 0.820859726005546, 0.6394951816784236, 0.361474693342006, 0.7655490169447655], "kurt": [5.53808681179737, 4.135457605772215, 3.7427115803492383, 3.2709985180762327, 3.1795794232361825, 3.00833528891515, 3.3141197556599358, 3.208272729500393, 1.7663936734691468, 2.8231381560345916, 3.0140456977493195, 2.9640232373212383, 3.069346996355692, 3.01056968960629, 450.49192508745347, 31417.158098681095, 45.67982765729331, 11.518624466100537, 5.032632770089334, 4.58925114149652, 6.974181057998064, 3.648827569854945, 3.2052376229223687, 28059.932491898755, 46867.27053474123, 20.89242974115507, 5.101266103712982, 3.9474207590653734, 3.2436524755654585, 4.592563322866342], "step_size": 0.1968695926111}