{"param_names": ["omega", "alpha_lam.1", "alpha_lam.2", "alpha_lam.3", "alpha_lam.4", "alpha_lam.5", "alpha_lam.6", "alpha_lam.7", "p.1", "p.2", "p.3", "p.4", "p.5", "p.6", "p.7", "totalN.1", "totalN.2", "totalN.3", "totalN.4", "totalN.5", "totalN.6", "totalN.7", "fit", "fit_new", "mean_abundance.1", "mean_abundance.2", "mean_abundance.3", "mean_abundance.4", "mean_abundance.5", "mean_abundance.6", "mean_abundance.7"], "mean": [0.5592653050600014, -1.3233092379478657, -10.486919587702696, -1.0038497936015605, -0.2817871180639793, 1.055593211159989, 0.6708970075000001, 0.5300920250218787, 0.22247057945981208, 0.4797529205136278, 0.5345519139999987, 0.5815589851199979, 0.4575361094600044, 0.6223530228399969, 0.5012809857800036, 49.94242, 0.52816, 20.7552, 41.37732, 156.62092, 105.2428, 92.39906, 148.6847475500015, 99.06996409999995, 1.2463729929996084, 0.011129634907900485, 0.38700711205399946, 0.7734095725200039, 2.913881450799994, 1.972902112800001, 1.729725412700002], "std": [0.050391671613591996, 1.1948722702015522, 5.487510155012099, 0.3260656475823907, 0.22026310545409195, 0.16488920538859647, 0.13096134163205345, 0.1865393855498485, 0.1712112628871991, 0.29394304549755035, 0.126881871565576, 0.09476105667914618, 0.06810003691829442, 0.061108104401135156, 0.08028993028670622, 266.131900050602, 21.741553923636648, 5.980985952165415, 7.518092152773881, 24.333382386211657, 9.475636556981206, 15.790895196802428, 16.724469065006726, 12.02224612632292, 22.862422324655633, 0.38734298695751923, 0.136582375218507, 0.18282054639679637, 0.5007959655525802, 0.26107894898794826, 0.3405318587114626], "skew": [-0.045788947201172846, 1.1710439344475994, -0.9990295922148017, 0.1891304139624372, 0.25118074551606495, 0.37995954770429846, 0.08530782779893464, 0.3991679277945975, 0.8736223057066274, 0.06732364710474031, -0.22392622845666396, -0.3571152002064074, -0.13998123551252833, -0.29174170563738705, -0.2387008602810636, 15.22126498432489, 177.22581221767194, 3.224973436359242, 7.262751773487148, 1.342639682935688, 1.1849967872270262, 1.9089635101309423, 0.5418105923954315, 0.31526075950239696, 106.91429359317856, 181.03251978569318, 1.7833124750716869, 3.220202751668387, 1.0203091690507116, 0.5086885143747165, 1.2845601838703562], "kurt": [2.9141344735960217, 5.84754765003619, 4.125820065224985, 3.5487038436245073, 4.015904502422273, 3.4542501213683274, 3.097315055189228, 3.7260623303550156, 3.203304479882967, 1.782988288255983, 2.7469850003103757, 3.122161563410811, 2.9282516236574216, 3.0438477104876798, 2.9806562229190723, 273.37091451386937, 35694.31130544485, 23.83337205055659, 293.37036707642096, 6.520666148254029, 5.841814898875225, 12.195553818892325, 3.545227547692011, 3.1829776245797756, 14989.139628544479, 36866.51789631005, 10.878891956129184, 91.61088637324471, 5.311008115892026, 3.606062592993868, 7.659213510584789], "step_size": 0.16391489233816664}