{"param_names": ["a", "b", "sigma"], "mean": [2.661364228051482, 2.8452873824000133, 5.267733780999954], "std": [1.1077684907625267, 0.18680713231532695, 0.38079978784575824], "skew": [-0.014428617693024585, 0.023770253543411776, 0.36850452093999875], "kurt": [3.067263586124626, 3.0731220736133493, 3.2414234260084704], "step_size": 0.5}