{"param_names": ["beta.1", "beta.2", "sigma"], "mean": [64.32151376661979, 0.7059908425313477, 15.120180543999886], "std": [17.34285869338231, 0.21907900073986852, 1.569506750725266], "skew": [0.008192145360270154, -0.008720975985483515, 0.5235124345067083], "kurt": [3.0893651267987132, 3.092807227422509, 3.538104390095162], "step_size": 0.5}