{"param_names": ["beta.1", "sigma"], "mean": [26.218647316000258, 10.957262614400026], "std": [1.3633053112308495, 0.9885308952416926], "skew": [-0.03659387224062412, 0.4805285301812098], "kurt": [3.1417967918414953, 3.464352877103841], "step_size": 0.5}