{"param_names": ["beta.1", "beta.2", "beta.3", "beta.4"], "mean": [3.0889662108000233, 0.0069828418958000306, -0.516815115180002, -0.3800556960000058], "std": [0.02117034789801791, 8.901066262160349e-05, 0.02486042411355452, 0.03361969344162525], "skew": [-0.017850380784139627, 0.00829989900978537, -0.005845529728772988, -0.0223856470854773], "kurt": [2.9227497413011556, 2.9964548074997115, 2.968800789196909, 2.989939613713802], "step_size": 0.5}