{"param_names": ["beta.1", "beta.2", "sigma"], "mean": [1.4381064279357958, 0.7483880519400044, 1.0086186992199877], "std": [0.5163235206583182, 0.08911753048054112, 0.09924537644314946], "skew": [-0.0025617504033758854, 0.010094509291059713, 0.4748941559852129], "kurt": [3.0856880862945495, 3.0816238739465494, 3.4667446841783116], "step_size": 0.5}