{"param_names": ["beta.1", "beta.2", "sigma"], "mean": [1.3265612974000107, -0.6129836025200023, 0.8237508485400005], "std": [0.02988807601400674, 0.07294184349551909, 0.019269369440766855], "skew": [-0.006956457170938006, 0.0023006893036412513, 0.09792957576272536], "kurt": [3.027159593452366, 2.988217580701973, 2.994608712651831], "step_size": 0.5}