{"param_names": ["alpha", "beta", "gamma", "tau", "lambda.1.1", "lambda.2.1", "lambda.3.1", "lambda.4.1", "lambda.5.1", "lambda.6.1", "lambda.1.2", "lambda.2.2", "lambda.3.2", "lambda.4.2", "lambda.5.2", "lambda.6.2", "lambda.1.3", "lambda.2.3", "lambda.3.3", "lambda.4.3", "lambda.5.3", "lambda.6.3", "sigma"], "mean": [2.1671325958600174, 0.31251501192327674, -0.0009791382324784604, 23.10461035870002, -0.09637345778035065, -0.17298168116106352, -0.29165311574857544, -0.1585597317659877, -0.11810954190767704, -0.20823133390324708, 0.07956787938924892, -0.11526401311963014, -0.03839515940011403, 0.11680538553842038, -0.024208711051185036, -0.041214560039292164, 0.28702133913128003, -0.0345287223416662, 0.11555046806579154, 0.4168027309446549, 0.028319615922405627, 0.2626705939048796, 0.2598829674699973], "std": [0.367208372473596, 0.09999285997460007, 0.00044340954608759644, 61.17568835358709, 0.1995173679914056, 0.18897511719205995, 0.19166945991454726, 0.17103873651563814, 0.17110869287917793, 0.2072533824262411, 0.19264040592171325, 0.18275509755454275, 0.1656494841985745, 0.16212650920059585, 0.1661008833066967, 0.1980890070310361, 0.19979243605170127, 0.17763264714193244, 0.16155020538315398, 0.16742829340195495, 0.16393071967899303, 0.20258903207794524, 0.0804651786461421], "skew": [-0.053176645847698455, 0.003549834640205692, -0.003945399721530745, 21.88493144602117, -0.1851852513590118, -0.2921567202041921, -0.3855731590966126, -0.19960101839346958, -0.15286428779377478, -0.2618498921826972, 0.10865781149953696, -0.20287114584074337, -0.08361130352082852, 0.14052993541715073, -0.02479773072385815, 0.005695795416204742, 0.3047121105237401, -0.11987785844492407, 0.10902396073096453, 0.18801707850557317, 0.05588118178777414, 0.32506144436768847, 0.6936538906060857], "kurt": [3.514738245508983, 3.595459205543509, 3.6143273848586945, 617.745033064431, 3.5062556955334587, 3.410651283592576, 3.3336528731997994, 3.414016087629812, 3.4863399870201595, 3.540479418079611, 3.4666042549973985, 3.411272889049625, 3.358358560273956, 3.3713862888501613, 3.5064509592192192, 3.6944808110390266, 3.308083076385937, 3.346661308800111, 3.2964397172447564, 3.1959627473805936, 3.461868998250294, 3.623126129982033, 4.647144670796809], "step_size": 0.002215672425134375}