{"param_names": ["alpha_star", "beta", "gamma", "tau", "lambda.1.1", "lambda.2.1", "lambda.3.1", "lambda.4.1", "lambda.5.1", "lambda.6.1", "lambda.1.2", "lambda.2.2", "lambda.3.2", "lambda.4.2", "lambda.5.2", "lambda.6.2", "lambda.1.3", "lambda.2.3", "lambda.3.3", "lambda.4.3", "lambda.5.3", "lambda.6.3", "sigma", "alpha"], "mean": [3.3065388003999505, 0.3136169709767982, -0.0009834916428128823, 20.28426458419999, -0.09480220319349467, -0.17291470428105649, -0.29023671170192883, -0.1579444102557732, -0.11795796517854235, -0.20805068851215755, 0.08009298472994932, -0.11522670407243202, -0.03765892691512344, 0.11655029068563574, -0.02458502345757786, -0.039796442467927844, 0.2875073907539067, -0.0347853877757679, 0.11523009611816742, 0.4169235221644642, 0.028403836300439876, 0.26351581221628856, 0.25943099671799824, 2.1625293822499785], "std": [0.07922604019218775, 0.10023783123816629, 0.00044100851648014365, 18.203217416995585, 0.19806627717909406, 0.18815424515800144, 0.18933475426803248, 0.17046567464477166, 0.1675512035627904, 0.20527087230223934, 0.19142023190933732, 0.1830458492599285, 0.164014722767204, 0.16136873856497708, 0.16585067644860052, 0.19722899328871052, 0.20022262993659967, 0.17650952084219146, 0.1617098558598605, 0.16703295928766423, 0.16533025396416623, 0.2015696178585187, 0.07889040456861947, 0.36832588325446863], "skew": [-0.17373726739001497, 0.012451511332859015, 0.010981683303105678, 5.803371946204364, -0.19112414396253502, -0.2749041535559406, -0.36019338968493636, -0.22363716577649276, -0.13039475579863224, -0.30256737579560744, 0.1275352175792966, -0.20158309891129278, -0.08999606066647593, 0.11521915813913124, -0.022074949724950176, -0.03390540584429531, 0.33100670654774944, -0.08639443917755874, 0.09600062247462536, 0.20623403325692335, 0.054862410949854695, 0.2872940770881915, 0.7152373216278162, -0.050592909457003836], "kurt": [3.520213878830378, 3.483178954463682, 3.551776623915472, 67.7836971695319, 3.5345825939173494, 3.3225004177678543, 3.3248380488812663, 3.3556181481434284, 3.3768356266210096, 3.6197388644000013, 3.3926077547361717, 3.426724441470972, 3.2626810979244776, 3.320286631344898, 3.4376262963404325, 3.713402372644122, 3.267118678394172, 3.3335779662512723, 3.2111592543442007, 3.1321493086633727, 3.3671520844168867, 3.540808704688671, 4.263307466274731, 3.4210191946140567], "step_size": 0.0064107219176625}