{"param_names": ["theta.1", "theta.2", "theta.3", "theta.4", "theta.5", "theta.6", "theta.7", "theta.8", "theta.9", "theta.10", "theta.11", "theta.12", "theta.13"], "mean": [0.32530624850793627, 1.3645351169999913, 2.3536762235999946, 2.9048464221999684, 5.534949593799997, 6.751969488600031, 6.452894178000033, 8.925196683999957, 8.976815326800024, 11.948606454399906, 11.570375744599781, 15.793024212000088, 16.964261920000062], "std": [0.20500068173467734, 0.2546943793224039, 0.27754683598093444, 0.2971668889185034, 0.5085203620020141, 0.6044522808548842, 0.5900151372215696, 0.6948676892346222, 0.675498333269369, 0.6902221107506031, 0.8992646621020612, 0.5697733287598424, 0.7525030160845966], "skew": [-0.2127677213421134, 0.32614901258760026, 0.05481935650232163, -0.02819356304137442, 0.08505376106023901, 0.14209573660015867, 0.1295607290137409, 0.017257272509719097, -0.04613878711377622, 0.07004144579307207, 0.282620542629801, 0.11297538710715277, 0.2594622065457858], "kurt": [3.473689267678234, 3.2793697731441864, 3.2044349116349062, 3.0475382928467765, 3.0765246556946164, 3.0116105909905073, 3.0191510248582683, 2.93900664265337, 2.9350242772357764, 2.958837029821198, 3.124994565063967, 3.1119649464704153, 3.3012167469931573], "step_size": 0.31236698442857147}