{"param_names": ["mu", "sigmasq", "b.1", "b.2", "b.3", "b.4", "b.5", "b.6", "b.7", "b.8", "b.9", "b.10", "b.11", "b.12", "sigma", "p.1", "p.2", "p.3", "p.4", "p.5", "p.6", "p.7", "p.8", "p.9", "p.10", "p.11", "p.12", "pop_mean"], "mean": [-2.554712623600018, 0.18829417101040144, -2.9594370569999993, -2.184981629800002, -2.6090195533999956, -2.773120187600007, -2.943388762799983, -2.621366971799974, -2.6669546184000037, -1.9790854026000069, -2.6101079500000184, -2.493572080799996, -2.187361284399996, -2.6245663164000015, 0.40407770607999993, 0.053129650247999864, 0.10313123615600003, 0.07058767401400043, 0.05929240373000062, 0.051701466322000206, 0.069244477638, 0.06672735904800052, 0.12315802729999926, 0.06991217003400003, 0.07857356212200006, 0.10220176110999997, 0.06850636251800009, 0.07277728726400026], "std": [0.15342996145043197, 0.16534691194034348, 0.4444065158139109, 0.23622774957559856, 0.27289964694600466, 0.14314132873072372, 0.2810122268986819, 0.2331480930363511, 0.2612474274183016, 0.20827451603630145, 0.2281802523378682, 0.2760292703974787, 0.19043791551396827, 0.18558713797861492, 0.1581625137636359, 0.01967581275295372, 0.021998554175322108, 0.017587518475467457, 0.007928238115288566, 0.01323221571547238, 0.014773854521864872, 0.015859632749154928, 0.02235956423023154, 0.01464988076560183, 0.019908630667894632, 0.017475129508860824, 0.011716915592828203, 0.010195994622856457], "skew": [-0.3483301828219472, 3.7033346919785637, -0.981404041265498, 0.04303880374639095, -0.25896637550590845, -0.15724353790253112, -0.4247771378502333, -0.2579039585095621, -0.32270334657013405, -0.08746804206127184, -0.21528414299067627, -0.1345374867703372, -0.02807080247454256, -0.19601560614160435, 1.1999840149747927, 0.3927403216852054, 0.5874860788122794, 0.509563073027897, 0.2188328411533968, 0.2978534406295233, 0.3907769391232253, 0.3880344335418856, 0.357652868013059, 0.4225053410733778, 0.6507907890647693, 0.41844530670194635, 0.3032443496755643, 0.23370813989770167], "kurt": [4.255941832172852, 34.26484009761904, 5.177529982289094, 2.935790477967311, 3.356089878474832, 3.0531887204370816, 3.2788126472129724, 3.3168014527817817, 3.3029450032636865, 2.9223097025970595, 3.2842287714959553, 3.3427488523818862, 2.9794212594525997, 3.164306164341966, 6.318048921115676, 3.4474604772945674, 3.493349532851291, 3.5978486458322356, 3.040789924019389, 2.9721245967115055, 3.3889044867854814, 3.343136505667164, 3.0879040139443337, 3.464452663784495, 3.906548465839398, 3.243853371915031, 3.2305739984288415, 4.063243302462871], "step_size": 0.016946204298375}