{"param_names": ["beta.1", "beta.2"], "mean": [0.6062907046199965, -0.6227259889200006], "std": [0.06032013837292067, 0.09721480375278196], "skew": [0.011977108013103978, -0.009054612319808508], "kurt": [2.952870193453097, 2.976400394556502], "step_size": 0.5}