{"param_names": ["beta.1", "beta.2"], "mean": [0.37811629419999865, -0.3879604781799982], "std": [0.03704536334799599, 0.05996041937058883], "skew": [0.012415208870510744, -0.0229185708624083], "kurt": [3.0362411306443797, 3.0197187443931908], "step_size": 0.5}