{"param_names": ["mean_lambda", "sigma_proc", "sigma_obs", "lambda.1", "lambda.2", "lambda.3", "lambda.4", "lambda.5", "lambda.6", "lambda.7", "lambda.8", "lambda.9", "lambda.10", "lambda.11", "lambda.12", "lambda.13", "lambda.14", "lambda.15", "lambda.16", "lambda.17", "lambda.18", "lambda.19", "lambda.20", "lambda.21", "lambda.22", "lambda.23", "lambda.24", "N_est1", "N_est.1", "N_est.2", "N_est.3", "N_est.4", "N_est.5", "N_est.6", "N_est.7", "N_est.8", "N_est.9", "N_est.10", "N_est.11", "N_est.12", "N_est.13", "N_est.14", "N_est.15", "N_est.16", "N_est.17", "N_est.18", "N_est.19", "N_est.20", "N_est.21", "N_est.22", "N_est.23", "N_est.24", "N_est.25", "sigma2_obs", "sigma2_proc"], "mean": [1.0314865372799906, 0.15437750910599948, 4.454703479200005, 0.9789610398000022, 1.179442185019998, 1.1118360281399873, 1.0265467289999965, 1.200860635639998, 1.1296613702800047, 1.036772345060002, 0.9716404304399905, 0.9559192558399937, 0.9927120408200099, 1.0950185879799992, 1.0579683680399905, 1.0290076969199946, 1.0210116470400057, 0.9958340054399948, 1.1612879786800028, 1.0942803274800141, 0.8102115234800075, 1.2173752997200078, 0.9308423944799944, 0.7856343733599997, 0.9883285047799909, 0.9234592166400009, 1.0223881692600096, 26.79122200600002, 26.79122200600002, 25.99580872799993, 30.317178080000264, 33.53104279800028, 34.21796768199973, 40.839619733999854, 45.981820402000295, 47.49000277599995, 45.94849742799973, 43.73178335800037, 43.23530420600016, 47.13900791200018, 49.70052773800003, 50.965120441999034, 51.85935626200012, 51.46658295400031, 59.53257684399992, 65.0008997600004, 52.30489846200015, 63.224837397999686, 58.653596756000326, 45.83091431400032, 45.06365194199989, 41.44623066999987, 42.198502909999796, 22.615688468999835, 0.02578809450848018], "std": [0.03434108037894392, 0.04422305889089406, 1.6647238656765748, 0.12813134751866093, 0.14657875146386629, 0.10846094831140787, 0.11100520373432314, 0.12125273945418027, 0.0960340986840627, 0.08809697493003656, 0.08738907589484846, 0.0904175941080974, 0.08997496002507617, 0.09543847156898173, 0.08694614544723357, 0.08435756740153365, 0.08321878726479728, 0.08464443972613651, 0.09750884665989382, 0.08389290892348338, 0.09949419178575568, 0.13807306259607602, 0.07603531759833956, 0.08939890378991268, 0.09511192621170486, 0.09065779119186222, 0.09915917396331489, 3.50100602774285, 3.50100602774285, 3.3886749535962517, 2.9037562418122174, 3.0196681585171112, 3.09672761010724, 3.1497632190678915, 3.6952568947074176, 3.6863003832514787, 3.475829219137176, 3.3861380455579244, 3.3605345606781007, 3.307050498683846, 3.4443969746117418, 3.4501855817305382, 3.4537498950797536, 3.572520292989459, 3.7406589878099803, 4.739545072814707, 4.250698205891022, 4.56542678644923, 4.199590006738445, 3.870620357302714, 3.519076523039718, 3.645817614934541, 3.9686133720599233, 16.836939267205597, 0.01493207879931674], "skew": [0.18599484999208862, 0.4921181981448029, 0.534431294671375, 0.09320502976521383, 0.585271539001947, 0.22918279312329148, 0.20130673245786515, 0.21687733692974706, 0.18943529241398893, 0.2227562677608308, 0.26009134052283067, 0.24566218104398171, 0.24010378091233683, 0.18565669996502435, 0.19904892084936146, 0.27348112989971607, 0.1924238751886592, 0.34622731619596864, 0.044757994803131466, 0.04149914837971833, 0.5231577454203792, 0.03659052587175843, 0.3190014873529, 0.5477685397140124, 0.07512411056527116, 0.30797434898240245, 0.12433088597971836, 0.4551673110178531, 0.4551673110178531, 0.5431892706945198, 0.22153620740035918, 0.023196847938313354, 0.39441420682432854, -0.058942962523445205, -0.25691083616039007, -0.23481762452651164, 0.0029673992080522307, 0.20785655695673552, 0.3286609066740804, 0.033165767262393266, -0.016317759335900954, 0.04051021078117235, 0.028345043129877356, 0.34975278789122, -0.20709762870014667, -0.4971569441758198, 0.4105668498815766, -0.4663271255086442, -0.30987191384697194, 0.3868070297318522, 0.10095744057097271, 0.47379883163575787, 0.32721444166101055, 1.8436131874989976, 1.5841651876331548], "kurt": [3.6114668045739706, 3.6801387202847726, 3.548069009328976, 3.1668164325399735, 3.408552750538143, 3.620612444559328, 3.117393822810794, 3.0138779811137395, 3.547658499376585, 3.601117997998516, 3.5359720768140877, 3.4522543045762686, 3.599408021614837, 3.4504806434170487, 3.6347870967856983, 3.759634451248954, 3.635597582760568, 3.450105269993638, 3.1004115992341905, 3.413977470720752, 2.846942347442026, 2.509983466390387, 3.7435759542616482, 3.292027811617613, 3.3240703213478207, 3.4739950120687255, 3.573974441178647, 4.176055289468976, 4.176055289468976, 3.6430778056117723, 3.619436546407311, 3.4901724950274784, 3.4179432306620474, 3.474860840652309, 3.3168886633384087, 3.367317918973355, 3.6361530791865566, 3.665816199636283, 3.6913361715259403, 3.696031298204517, 3.6683787444641993, 3.713994932445301, 3.6543718609777875, 3.4864194293878166, 3.63473422645477, 3.361578170645881, 3.11736646972924, 3.3455159429978543, 3.512656682545647, 3.446428400520766, 3.7406429115927193, 3.9985252436896697, 4.0851843277605, 9.655310186167494, 8.611136671208486], "step_size": 0.00044312021960700004}