{"param_names": ["phi.1.1", "phi.2.1", "phi.1.2", "phi.2.2", "q", "beta0C", "beta", "gamma1", "gamma2"], "mean": [0.2955549759419987, 0.5613927721999994, 0.26868725092799806, 0.7996245819800042, 0.5035622219200045, -0.9609457219860166, 0.7025857875265576, 0.4427011819199995, 0.6125311246799984], "std": [0.05662196184003031, 0.05663644039524919, 0.07563292435338724, 0.06336594032420093, 0.04222367427300243, 0.2335651268162629, 0.40700467214072866, 0.054317553208897404, 0.0747518407439841], "skew": [0.09284762238697461, -0.05214112323303252, 0.09111392012766953, -0.385204687467918, -0.05096184014480008, -0.23864854478610104, 0.029138228617375528, 0.027190799925850943, -0.15820614360589286], "kurt": [2.93389483910475, 3.0260497727214823, 2.877120647706242, 3.0541768908259885, 2.974539048658564, 3.1894680423090374, 3.0469570717744907, 2.94079054159702, 2.9057650481189787], "step_size": 0.022104269663}