{"param_names": ["alpha", "beta", "lambda", "tau", "sigma", "U3"], "mean": [2.6532517336000314, 0.9738611669600071, 0.8625557644200067, 109.74752029599865, 0.0986150689560002, 1.863028066019991], "std": [0.07303067421402479, 0.07650022912944827, 0.0325590927214287, 31.947735358465447, 0.015014901607561274, 0.2706437719779019], "skew": [0.8719557232550348, 0.20455572491318527, -0.9103042115578288, 0.601405658302662, 0.7544427809092313, -0.0875173654689255], "kurt": [6.438960792141398, 3.8540273534292346, 5.411178920474577, 3.588875770083216, 4.013481889162654, 3.852218452368635], "step_size": 0.5}