{"param_names": ["theta.1", "theta.2", "theta.3", "theta.4", "phi.1.1", "phi.2.1", "phi.3.1", "phi.4.1", "phi.1.2", "phi.2.2", "phi.3.2", "phi.4.2", "phi.1.3", "phi.2.3", "phi.3.3", "phi.4.3", "phi.1.4", "phi.2.4", "phi.3.4", "phi.4.4", "phi.1.5", "phi.2.5", "phi.3.5", "phi.4.5", "phi.1.6", "phi.2.6", "phi.3.6", "phi.4.6", "phi.1.7", "phi.2.7", "phi.3.7", "phi.4.7", "phi.1.8", "phi.2.8", "phi.3.8", "phi.4.8", "phi.1.9", "phi.2.9", "phi.3.9", "phi.4.9", "phi.1.10", "phi.2.10", "phi.3.10", "phi.4.10"], "mean": [0.08851717774000002, 0.21756273789999742, 0.17071099818600058, 0.5232090836199982, 0.20166029294200108, 0.02348028400359998, 0.044545571935999916, 0.19033011611999956, 0.46964800522000405, 0.18084016744000103, 0.025006168114000023, 0.023184390408400146, 0.02453932419157397, 0.4581092789600013, 0.14843185583200014, 0.044136406016000336, 0.04423103377080033, 0.11476750361200017, 0.025809662232800155, 0.053647506567999624, 0.04781110088880006, 0.012269262543839907, 0.45844600247999917, 0.014132468655799951, 0.03193479406160025, 0.020295932102400004, 0.15497485945599845, 0.06448956747199998, 0.047209702300599975, 0.04274898334000018, 0.025824139667200017, 0.44419037130000005, 0.0071477426267528635, 0.029583604535800317, 0.05362884288199994, 0.028065894804000086, 0.09711826461999992, 0.0885527580099993, 0.03466569102840016, 0.11887054937200055, 0.028699739169179957, 0.029352223516000076, 0.028667206177400175, 0.018952728171000032], "std": [0.020844091424865947, 0.02964704886020204, 0.026891347613971432, 0.03544295124137602, 0.03215117364890227, 0.007525790519676284, 0.011678901663919985, 0.012162112389420773, 0.04121973909304953, 0.019242981942822944, 0.009363784787137753, 0.004850900148193301, 0.013433475546241422, 0.02495742600020671, 0.02015027584270333, 0.006472484321854553, 0.01671425433587304, 0.015332431243770026, 0.008919763399501787, 0.007033950233470881, 0.01816763309978805, 0.005529005876000132, 0.028291228013987233, 0.003745508453579713, 0.014050042493050618, 0.006914464269575733, 0.020714540660833287, 0.007690866693667551, 0.018031605745509192, 0.010233638738963501, 0.00899500157071474, 0.015476882962592734, 0.0074027456436225, 0.00845486774586198, 0.012989101537714307, 0.005210373535046716, 0.02419237455538211, 0.01376631615531878, 0.010512020924347278, 0.010086016523796074, 0.014679990215644792, 0.008391593853391954, 0.009326756668068955, 0.004260926791516925], "skew": [0.40185333391817357, 0.1887410311250786, 0.24982329312922935, -0.007004909559833819, 0.24919939158750218, 0.6199470736446369, 0.4965168553253231, 0.10452030736285292, 0.004536087369485571, 0.16436704014471915, 0.6791084129604318, 0.4056989790138656, 0.954998389732381, 0.0072972323480493305, 0.21613211894533418, 0.2795045731185884, 0.6984642539239824, 0.2164258823852155, 0.6725636562897516, 0.2576206485740309, 0.6613591331345926, 0.9040267524768353, 0.019605655653856087, 0.5010701277351755, 0.8862288460590632, 0.6611952419289477, 0.21856114506161373, 0.23519058601445364, 0.6702096800334502, 0.40157174932240874, 0.6742525683849391, 0.020267840619828364, 2.1318604331077746, 0.5163384701614608, 0.45169143072513657, 0.3439702946670425, 0.41728128107061324, 0.2890625724628747, 0.5980340596314171, 0.1265875520874508, 0.776380211518749, 0.537542255620236, 0.6325317700552644, 0.42253487927358413], "kurt": [3.2186932434335733, 3.0221276454344137, 3.0463198369621014, 2.984383558882294, 3.064395532248105, 3.5393292274290586, 3.3397694556280566, 3.003009078538452, 2.9633864705580026, 2.9696668133759148, 3.6216628969986546, 3.3058247123176754, 4.475796367010036, 2.998909777295872, 3.0408554148356783, 3.123088655162887, 3.7180272436320756, 3.0357038186848855, 3.671991012591782, 3.10166006873996, 3.6562005209158794, 4.238952623686845, 2.959630658573427, 3.38785106387931, 4.210495463256603, 3.685933212916696, 3.0516160372641097, 3.0826103392734154, 3.5960613406096096, 3.214257051966905, 3.6082530446843366, 2.9256264080513272, 9.801441152306422, 3.471280156306838, 3.346363348303298, 3.185649841941097, 3.2581264081816155, 3.1377867705000138, 3.534001392973543, 2.990024595506546, 3.81964458268421, 3.3475903247959233, 3.5664470082498223, 3.252708553114922], "step_size": 0.11056078765414061}