{"param_names": ["theta.1", "theta.2", "theta.3", "theta.4", "phi.1.1", "phi.2.1", "phi.3.1", "phi.4.1", "phi.1.2", "phi.2.2", "phi.3.2", "phi.4.2", "phi.1.3", "phi.2.3", "phi.3.3", "phi.4.3", "phi.1.4", "phi.2.4", "phi.3.4", "phi.4.4", "phi.1.5", "phi.2.5", "phi.3.5", "phi.4.5", "phi.1.6", "phi.2.6", "phi.3.6", "phi.4.6", "phi.1.7", "phi.2.7", "phi.3.7", "phi.4.7", "phi.1.8", "phi.2.8", "phi.3.8", "phi.4.8", "phi.1.9", "phi.2.9", "phi.3.9", "phi.4.9", "phi.1.10", "phi.2.10", "phi.3.10", "phi.4.10"], "mean": [0.5147970692399929, 0.23037768517999854, 0.16653656758799978, 0.08828867630599943, 0.1919045217399991, 0.02238359004699973, 0.045040712826000015, 0.2030415708239995, 0.02140198161320002, 0.17978068940000047, 0.022696472695800066, 0.4730305411999981, 0.042759757052000205, 0.4527316761599977, 0.14410675004799964, 0.02515720897900022, 0.052456225702000286, 0.11548125070600011, 0.02589944109320015, 0.04363398397680016, 0.014629246515199982, 0.013542769982799914, 0.46037549397999467, 0.049666536450599895, 0.06405314484000052, 0.022366204666999855, 0.15682358957599984, 0.03127942518859995, 0.44492745056000094, 0.048991434012000554, 0.025845530247999963, 0.049718518227800296, 0.028178585255999998, 0.029028761011399937, 0.05465353375599946, 0.006705243754400948, 0.12118931304799929, 0.08443943165800007, 0.03545973127740013, 0.09270941997600012, 0.01849977567259984, 0.03125419494559967, 0.029098741342999893, 0.025057555165800074], "std": [0.035461342913176624, 0.029609927838481424, 0.025962659417936185, 0.019877775926828052, 0.01219299742733062, 0.0069165072763763425, 0.011744280758729221, 0.03161666214724588, 0.004486056485515187, 0.018191463563649642, 0.008419917887047717, 0.03896601066744928, 0.006290408583125395, 0.02358036121409737, 0.019921386443672147, 0.01226337016318838, 0.0069467336262902446, 0.01494913375360159, 0.00899158160141007, 0.01605487124303454, 0.003706635500423142, 0.005439206549181895, 0.02796695276017452, 0.016841884366783327, 0.007641172376227906, 0.006934927260298437, 0.020462138829496157, 0.013639542363937702, 0.015540153561626056, 0.01013738467026989, 0.008877845970002164, 0.016879186752936662, 0.0051125957878119, 0.007887299677774304, 0.012826885483551135, 0.006310870252880858, 0.010177143682653572, 0.013058582348983416, 0.010402580132010139, 0.02262983597640996, 0.004170810727427551, 0.008155166872430541, 0.009496842221132666, 0.012093548272177512], "skew": [-0.015354594496874173, 0.19529294170196776, 0.25456376497483896, 0.39378468281390483, 0.10061419535224334, 0.6096273473093374, 0.4853908105168294, 0.22609874839116476, 0.4189559767129039, 0.16704816584146706, 0.7044991143431746, 0.036590283667970465, 0.28639897619815, 0.025366785504327527, 0.24257910417907108, 0.9421978388283749, 0.2564831933959037, 0.23100220698966387, 0.654126052449397, 0.7157396244109686, 0.48704197639111674, 0.7933629888706413, 0.029913434361610577, 0.6345388368975299, 0.2435600479071872, 0.6075854172645886, 0.2205083821330674, 0.8534776387900931, 0.026381442127591533, 0.3884647693919285, 0.6803038251048915, 0.6379116758401124, 0.3541550039062457, 0.5208904901097925, 0.4303250933104026, 1.855970465365428, 0.1453356039142294, 0.27656367254286296, 0.5683617784276869, 0.4219608169595333, 0.4237540579679185, 0.50709319592993, 0.6068431410809582, 0.9324855005297111], "kurt": [2.9880410469377363, 3.077434121594044, 3.098389481567206, 3.125728189151101, 3.008848241273943, 3.562250542390946, 3.3033527078893092, 3.086750801136344, 3.2923514750794958, 3.012832794295484, 3.6851178786504675, 2.9726238868820563, 3.166353370477691, 3.016409929014216, 3.078037281060781, 4.32781333813709, 3.075456174787353, 3.077567403686518, 3.5204295328713493, 3.7307148460724164, 3.395244465261966, 3.9592753822648965, 2.952941866676223, 3.597215136987463, 3.1115750443579633, 3.5454610289962942, 3.102300703807728, 4.066776043785001, 2.991250335629834, 3.191906656670022, 3.674804219777533, 3.5687289039823207, 3.188725389800548, 3.3990264063662994, 3.2314052568643934, 8.147281551032313, 3.0314348603363226, 3.090587823495256, 3.4850490017682176, 3.1988635351015806, 3.2278128658645597, 3.3420247004008115, 3.452027729308722, 4.25221656077635], "step_size": 0.08104994362968242}