{"param_names": ["beta", "tau", "dL0.1", "dL0.2", "dL0.3", "dL0.4", "dL0.5", "dL0.6", "dL0.7", "dL0.8", "dL0.9", "dL0.10", "dL0.11", "dL0.12", "dL0.13", "dL0.14", "dL0.15", "dL0.16", "dL0.17", "b.1", "b.2", "b.3", "b.4", "b.5", "b.6", "b.7", "b.8", "b.9", "b.10", "b.11", "b.12", "b.13", "b.14", "b.15", "b.16", "b.17", "b.18", "b.19", "b.20", "b.21", "sigma"], "mean": [1.5782270499640223, 226.71805548296174, 0.035902663184379624, 0.03706460573002831, 0.021791168484116274, 0.043423609126800176, 0.047839454107941416, 0.08158775738339925, 0.0288469306899371, 0.11650341545759857, 0.042104658400213775, 0.08497967607413717, 0.10787271549625951, 0.06953502921389809, 0.07179617935864911, 0.09005410017317513, 0.09236621122503767, 0.28004211938320167, 0.4397509440404115, 0.0593014888183313, 0.12362270398815793, 0.04105368292311773, 0.0932928119017039, -0.006533072652956368, 0.03405336116096147, 0.012620029739857335, 0.09728007163930291, 0.004425986928049266, -0.011149465536876057, -0.026386592939016015, 0.0225164464990913, -0.04826153644091952, 0.019005275250036178, -0.06085262912752829, -0.021374698900460103, -0.07372668060480286, -0.004504869692015619, -0.02451473825642025, -0.05867821317784858, -0.17212553664832245, 0.20971082413399988], "std": [0.4426801238201169, 450.5761324571518, 0.027463972995025444, 0.027578068416045057, 0.02211346609046924, 0.0313506511569349, 0.03470802217230723, 0.04940268465545461, 0.029133843473736622, 0.06152916250331104, 0.04194735016285033, 0.06107449670536883, 0.07738437297020365, 0.07085366773913358, 0.07307045080489198, 0.08956827442710934, 0.09342162162174585, 0.20684355954763564, 0.3515567384082272, 0.29480796803363013, 0.3396842576799615, 0.27734279727133365, 0.2976531615588141, 0.2588913716344967, 0.2646456460895859, 0.2557207455134175, 0.29702405606853205, 0.2548134123006638, 0.2497799024624939, 0.25074025106128367, 0.2382582431646611, 0.25351160483544155, 0.2372799391513987, 0.25572080577113987, 0.23257251757569822, 0.2672595798692686, 0.23528741735990696, 0.23562620268789783, 0.2493131538007718, 0.34105199736865055, 0.1992183004503289], "skew": [0.22734215111196615, 3.329068653484777, 1.5634122538317734, 1.4845264832478549, 1.9323158582271227, 1.5211105100014444, 1.5025288653975182, 1.2156690040246247, 1.998279927689093, 1.126676125002279, 1.8887891301065842, 1.5102853369137605, 1.5742273091357524, 2.159564226963316, 2.1000239276790356, 1.9351946861552207, 2.20744325069538, 1.8445235716511177, 3.0430561667122906, 1.9646696721358916, 2.5589714654755857, 1.3032000614910886, 1.9477204157137689, -0.6243398487327781, 0.9349679402233646, 0.3405554725462485, 2.022455604869724, -0.19182438781191277, -0.6064945853853311, -1.046867478678308, 0.35705466221996685, -1.5310922582327373, 0.2381598543160131, -1.856948583490772, -1.0192825600951736, -2.169939528933238, -0.5683055246131011, -1.0326607249051596, -1.8090643698556006, -2.5586140921450204, 1.939840029807856], "kurt": [3.101336065454684, 14.653613996251588, 6.154686901736425, 6.415267046537251, 8.539132623792892, 6.543679485421101, 6.365086425225811, 5.28117337145534, 8.534516685038772, 5.067349424059065, 8.2374244041193, 6.471117196411161, 7.1006732002147865, 10.189946431252281, 9.803787628292783, 8.801926076609554, 10.890767455973235, 10.293317806457265, 40.04075028958236, 15.460614527141747, 13.681911486382768, 12.31576858950244, 11.700370143477429, 14.294612798834875, 10.94058834166721, 10.771526652606028, 11.11371258484535, 11.48119852304988, 11.25617080437519, 11.735979756604873, 9.46507772462452, 11.742724022667032, 9.67953535766895, 13.008935424065402, 10.69390897090229, 14.77011368085293, 10.260139610051887, 9.940060130908423, 12.033165220459503, 12.769453534187935, 7.883032286944404], "step_size": 0.05910494581355}