{"param_names": ["theta", "thetaprior", "postpredk", "priorpredk"], "mean": [0.11745368559646109, 0.49964425649645466, 1.76214, 7.50266], "std": [0.0757800587362312, 0.2895356382080791, 1.6641522227248322, 4.612230796957152], "skew": [1.0476829748420413, 0.00594736573975373, 1.160635120971322, 0.0005068472325766613], "kurt": [4.2689288966964964, 1.7923997896952644, 4.498683871688349, 1.7869792934333613], "step_size": 0.5}