{"param_names": ["theta"], "mean": [0.5895371325800001], "std": [0.10264751279426836], "skew": [-0.14890234040496308], "kurt": [2.8159708466155866], "step_size": 0.5}