{"param_names": ["theta", "postpredk1", "postpredk2"], "mean": [0.500001497039997, 5.00138, 4.99238], "std": [0.10527722541519223, 1.8730878504757853, 1.875473789632903], "skew": [0.008326345439558269, -0.011970360009659568, -0.011504336229318159], "kurt": [2.7550814258313534, 2.6413290520309674, 2.6183718625925847], "step_size": 0.5}