{"param_names": ["theta"], "mean": [0.4991531408340001], "std": [0.13947485281837949], "skew": [0.010991478248107688], "kurt": [2.5916332731874285], "step_size": 0.5}