{"param_names": ["theta1", "theta2", "delta"], "mean": [0.5003994516980046, 0.6670015571000006, -0.166602103481534], "std": [0.13881880938767735, 0.1308800855708157, 0.1910567347877011], "skew": [0.004556831227313139, -0.36311112210781965, 0.121292407064642], "kurt": [2.5949858121456066, 2.7802255252923795, 2.8610063144564992], "step_size": 0.5}