{"param_names": ["mu", "phi", "pi", "sigmasq1", "sigmasq2", "delta.1", "delta.2", "delta.3", "delta.4", "delta.5", "delta.6", "delta.7", "delta.8", "delta.9", "delta.10", "sigma1", "sigma2", "equiv", "theta"], "mean": [1.4358340908, -0.008015992871480306, -0.17979723590496527, 0.013276857522599978, 0.022450936444380173, 0.06380320191713121, 0.12038734895641602, 0.052660979287140086, 0.060170296452615755, 0.1671155462231693, -0.17111485859799053, -0.12521355472953974, -0.06437039501865338, -0.08226955903602844, -0.018034488690134565, 0.11035486677199953, 0.1397947500359992, 0.99752, 0.9933274825999933], "std": [0.053837673409606254, 0.0513740942437912, 0.050999101595247315, 0.008818554309439607, 0.018691048775267737, 0.07894027171100618, 0.0847176833553447, 0.07825968859850727, 0.07816327239480474, 0.09180937924804583, 0.0922572264161262, 0.08505683167985045, 0.07858071866906792, 0.08042843748307506, 0.0765106376213108, 0.033146054464564624, 0.05392924851649101, 0.04973780855647017, 0.05119584235115341], "skew": [-0.015419144940809322, 0.04066297280232342, -0.01228765194254867, 2.393736643859419, 3.54273782863392, 0.1112111517558195, 0.12060414809696499, 0.0843616141495357, 0.11565788231803643, 0.013020541289118615, 0.011314159193089427, -0.10604636916679033, -0.12662660119534894, -0.1088638376959307, -0.017039712433420645, 1.2004456582082508, 0.9276110740390054, -20.005706501330483, 0.3598305903956812], "kurt": [3.9657073937820937, 4.842991585644268, 4.320548917233938, 12.908487891640515, 33.492877364568415, 3.4829733005207593, 3.208334498603181, 3.4328139156907587, 3.4152405002828403, 3.024244564172344, 2.993014686693434, 3.1812861684891187, 3.4124242000268046, 3.335768540018082, 3.57223696821683, 5.101787300978527, 5.805952162459846, 401.22829261713457, 5.974457226066001], "step_size": 0.0019705880208355556}