{"param_names": ["alpha", "beta.1", "beta.2", "beta.3", "beta.4", "beta.5", "sigma"], "mean": [-0.000782975777842835, 0.6916045875600061, 0.44007520108200093, 0.10489098173986869, -0.03544166575435022, -0.3012337069500006, 0.15046195692000128], "std": [0.01082856626385613, 0.07033460477657585, 0.08674395563539951, 0.09239939388620368, 0.08661823762920026, 0.07015881567268606, 0.00773094967132239], "skew": [-0.008948587232989486, -0.010400815230578838, 0.001062156672876378, 0.012486106404245668, -0.016658472917524054, 0.011096908721159674, 0.25862490668708876], "kurt": [3.0562250172839054, 3.023963783933032, 3.051370736812332, 3.085111078908053, 3.042074469538322, 3.033196076260368, 3.1300639232572474], "step_size": 0.00029868375504}