{"param_names": ["beta0", "beta1", "Sigma.1.1", "Sigma.2.1", "Sigma.3.1", "Sigma.4.1", "Sigma.1.2", "Sigma.2.2", "Sigma.3.2", "Sigma.4.2", "Sigma.1.3", "Sigma.2.3", "Sigma.3.3", "Sigma.4.3", "Sigma.1.4", "Sigma.2.4", "Sigma.3.4", "Sigma.4.4", "mu.1", "mu.2", "mu.3", "mu.4"], "mean": [33.62101127799992, 1.8777532472999974, 6.713325279200009, 6.507309717800001, 6.083239110399984, 5.8438472099600345, 6.507309717800001, 6.821741113200028, 6.4734457691999765, 6.243753792999979, 6.083239110399984, 6.4734457691999765, 7.304775691199936, 7.2928769999999865, 5.8438472099600345, 6.243753792999979, 7.2928769999999865, 7.893085922799972, 48.64303741199952, 49.58191384399949, 50.5207904679999, 51.4596671480002], "std": [1.9433390227684806, 0.2206425673138467, 2.361692102657724, 2.328834674963737, 2.297805126769924, 2.3100182580961954, 2.328834674963737, 2.3895365206692527, 2.372240953312168, 2.3849211371229373, 2.297805126769924, 2.372240953312168, 2.560686184331048, 2.6114075417899842, 2.3100182580961954, 2.3849211371229373, 2.6114075417899842, 2.7757260204776792, 0.5500809157438563, 0.5407112241752938, 0.5536155311621035, 0.587326880753953], "skew": [-0.02744742755496495, 0.023982241071668194, 1.5858878860242416, 1.5785580208472754, 1.554980971149069, 1.5595210544565217, 1.5785580208472754, 1.574293063439801, 1.5620537178292166, 1.5668211580084908, 1.554980971149069, 1.5620537178292166, 1.5388134237097353, 1.5490780094584669, 1.5595210544565217, 1.5668211580084908, 1.5490780094584669, 1.5604818866183754, -0.0352069561424208, -0.030801770526687065, -0.02381207177452016, -0.015700008100166273], "kurt": [3.3081579989509304, 3.3274128169582604, 7.927072203826834, 7.840264902445196, 7.613525185337124, 7.694924769899172, 7.840264902445196, 7.758334938673222, 7.58818057304609, 7.6207100578573606, 7.613525185337124, 7.58818057304609, 7.320684188023917, 7.3845317767635335, 7.694924769899172, 7.6207100578573606, 7.3845317767635335, 7.530375397358256, 3.3137967494843488, 3.3332785752085385, 3.3587473008756175, 3.381988516749414], "step_size": 0.012811106530250001}