{"param_names": ["tau_C", "theta.1.1", "theta.2.1", "theta.3.1", "theta.4.1", "theta.5.1", "theta.1.2", "theta.2.2", "theta.3.2", "theta.4.2", "theta.5.2", "theta.1.3", "theta.2.3", "theta.3.3", "theta.4.3", "theta.5.3", "mu.1", "mu.2", "mu.3", "tau.1", "tau.2", "tau.3", "phi.1.1", "phi.2.1", "phi.3.1", "phi.4.1", "phi.5.1", "phi.1.2", "phi.2.2", "phi.3.2", "phi.4.2", "phi.5.2", "phi.1.3", "phi.2.3", "phi.3.3", "phi.4.3", "phi.5.3", "sigma.1", "sigma.2", "sigma.3", "sigma_C"], "mean": [0.016537865491800027, 5.076616975800001, 5.399310374400004, 5.0656639882000265, 5.446084857000042, 5.287918129999973, 2.124499413600018, 2.2038969874000065, 2.178010092600018, 2.256596364199998, 2.2925461198000003, -5.853978224599947, -5.8328128958000605, -5.894894601600062, -5.828381843600006, -5.905830774599999, 5.254733064400016, 2.2117286301999997, -5.862887545799962, 40.70229787239195, 264.0615985654173, 351.8984746843613, 160.8403781799995, 221.53543169999813, 159.22265838000112, 232.12668000000122, 198.41814984000098, 7.466319592599918, 8.130143816800004, 7.9163586020000585, 8.631012005399967, 9.002806307400066, -0.002897913958199993, -0.002944070889800002, -0.002781279334400011, -0.0029563073740000094, -0.002739581437599971, 0.23118866010199723, 0.13552913329800095, 0.10402812356599918, 8.030573889600007], "std": [0.0048041620063279155, 0.08512807631426693, 0.050242848645153396, 0.09387525582313316, 0.04881190359437326, 0.06952544050179445, 0.15289875314393475, 0.12338489515780188, 0.14043488913607335, 0.12829721970963504, 0.14187012843207997, 0.14562998174414388, 0.09858502830648247, 0.14505285307349383, 0.09557959108963583, 0.10918675605196528, 0.125693999287951, 0.12661499076534935, 0.10956409091563128, 113.87688352488003, 482.57335390794753, 524.0828368128118, 14.75366149578267, 11.273592287700062, 16.237266392120432, 11.440512577185691, 14.180954097981498, 1.2885336380119672, 1.1487012257335094, 1.2646457041299473, 1.2803747456224628, 1.4840141407827878, 0.00040308914995025873, 0.00029034648234212065, 0.00038010136823866096, 0.00028334146812755126, 0.0002942151961206562, 0.12666647625246338, 0.11628797662964765, 0.09085883940044702, 1.2120663420749132], "skew": [0.616090095805659, 1.5651466023972052, 0.4608547282500769, 1.58341771704321, 0.358123363186615, 0.7197638344388073, -0.17027165800038147, 0.21457115508155844, 0.011979884222052437, 0.43239447057710606, 0.5118969125929647, -0.8378084293718566, -0.0630087687125039, -1.0008235625526656, -0.009607083575487728, -0.3858173320928989, 0.28250712214899515, 0.20995782976410787, -0.6158351120284938, 18.511776821454486, 4.819699082259332, 4.06479272013778, 2.1987514838921016, 0.6724384142337597, 2.204791639695758, 0.5403653537550055, 1.0347893848506187, 0.3841334339088923, 0.7067390693155294, 0.6137023988723757, 1.0063353024057038, 1.0975365520846, 0.10853188731440384, -0.28827779107731943, 0.3528635936584578, -0.3304733092577543, -0.0033028273580275698, 3.4529671372986765, 3.322625376058927, 3.681430380060093, 0.7218220205025846], "kurt": [3.5141278344034816, 7.823300294405858, 3.8887039229340856, 7.396248095919827, 3.5475505606807736, 4.322930477189196, 3.374536526518965, 3.5393651328716143, 3.657869808355804, 3.809296150235633, 3.700503973657425, 5.3365744384948846, 3.373797972822301, 5.233457611385373, 3.3418098112972348, 3.603615965050774, 9.387581850499032, 5.308339065631945, 6.122487999813401, 494.4403081780384, 37.69280667758705, 30.102509442435466, 11.962613050703057, 4.488874091006716, 11.303697060461769, 3.901487565122383, 5.475620695716174, 3.8531220452980697, 4.5996248456749464, 4.920123579471252, 5.913441475010681, 5.710817873562297, 4.179166337249993, 3.5441091637349094, 3.9385330658152595, 3.6042696372768543, 3.3596650459622097, 33.7156895059888, 27.88170857136557, 30.750460028579184, 4.003011582135857], "step_size": 0.037024318709724995}