{"param_names": ["alpha_star", "beta", "p.1", "p.2", "p.3", "p.4", "p.5", "p.6", "p.7", "p.8", "alpha", "llike.1", "llike.2", "llike.3", "llike.4", "llike.5", "llike.6", "llike.7", "llike.8", "rhat.1", "rhat.2", "rhat.3", "rhat.4", "rhat.5", "rhat.6", "rhat.7", "rhat.8"], "mean": [-0.04619301642313341, 22.228331537999964, 0.09455087182399981, 0.18698438712200152, 0.33623044611999714, 0.5408841700000031, 0.7579627590599953, 0.917078193399992, 0.9845191377199929, 0.9986512098199927, -39.911038281999886, -19.54954784000022, -31.683795227999397, -37.77563463199991, -39.109725691999486, -30.126818066000208, -19.741429022000144, -5.281902503200042, -0.08105997785469525, 5.578501465400044, 11.219063157800012, 20.84628790599993, 30.28951364000023, 47.751653850000004, 54.10761352600023, 61.04018637000016, 59.91907264000021], "std": [0.08093830344467483, 1.8013298777849507, 0.018989132230367654, 0.0264996963906261, 0.03085789327911407, 0.030320861625658245, 0.02813238548898444, 0.02112358124632327, 0.008633585562320276, 0.0016081720550716043, 3.2441769578622615, 0.20767641504758977, 0.38393574724478896, 0.428611012362994, 0.3178701605666293, 0.6664430854854687, 0.44167955888279714, 0.22393922142208786, 0.09686514102115197, 1.1203588340372075, 1.5899815158860162, 1.913189532533878, 1.697968411041304, 1.7723405474939153, 1.2462913039753243, 0.5352821702906033, 0.09649046904388131], "skew": [-0.04757661909408943, 0.15729065565691236, 0.3900201743201742, 0.20363386620215895, 0.05638384558870388, -0.020938057562781606, -0.09863598246469045, -0.3995718919354559, -1.1709045160194322, -3.117016468227134, -0.1594589834742304, -2.6035866322753285, -2.037424873644289, -1.659092033632688, -1.8269714144621352, -1.0500885170884946, -2.3417968837955665, -2.680372839848969, -3.139875559844238, 0.39001988559150585, 0.20363391219823365, 0.056384212002513874, -0.020938638286742698, -0.09863589594256028, -0.3995724193279484, -1.1709044757903642, -3.1169867914517937], "kurt": [3.005597640760213, 3.0078634766169308, 3.2036522488433596, 3.0216606896235856, 2.974056362082236, 2.984030297031289, 2.969700454333515, 3.164949312819465, 5.1266160364602245, 20.044540117605006, 3.0089534113145313, 12.437052204642299, 8.599416059646563, 6.6794080350799465, 7.455445562568224, 4.389817911252886, 10.722558114925745, 13.550348592304381, 20.381529028667327, 3.2036503336404, 3.0216608456237672, 2.9740557078579326, 2.984030233745619, 2.9697009768711324, 3.1649501325468687, 5.126597939349335, 20.04444469195461], "step_size": 0.5}