{"param_names": ["alpha_star", "beta", "p.1", "p.2", "p.3", "p.4", "p.5", "p.6", "p.7", "p.8", "alpha", "llike.1", "llike.2", "llike.3", "llike.4", "llike.5", "llike.6", "llike.7", "llike.8", "rhat.1", "rhat.2", "rhat.3", "rhat.4", "rhat.5", "rhat.6", "rhat.7", "rhat.8"], "mean": [0.445449473360002, 19.823394061999934, 0.057808539410000095, 0.17843115138600046, 0.37779818732000015, 0.6032814925600045, 0.7871668648600082, 0.9029839410600011, 0.9613722479000005, 0.986308646320006, -35.10632087399989, -20.536810217999985, -31.836908763999737, -38.51333024400002, -40.14246480799998, -29.5735053779998, -19.54217635200007, -5.710196471599981, -0.8283105889319978, 3.41070382253999, 10.705869126399982, 23.423487682000008, 33.78376355399987, 49.5915124599996, 53.27605267600056, 59.60507931599963, 59.178518744000506], "std": [0.07750204162805494, 1.4911635579480769, 0.01723018961697889, 0.028293387284857856, 0.03082375415830697, 0.02866296470325707, 0.02575466691503487, 0.019552046489507074, 0.011982925310014237, 0.006103664075731129, 2.652224461193366, 0.8914620381826796, 0.5217682625533773, 0.7303898204618744, 0.7121342386944437, 0.3975082913039217, 0.20220500189471022, 0.46055473570334, 0.3725284255012885, 1.0165812052553405, 1.6976032924625828, 1.9110730785629013, 1.6051258867743188, 1.6225440585683666, 1.1535709045022167, 0.7429413689691243, 0.3662196533692058], "skew": [0.045378070578291324, 0.0995361392072132, 0.6383123090933328, 0.2479756269712349, 0.04901595920514714, -0.03318799941682415, -0.12884788225794505, -0.333721175763261, -0.6392425357366689, -1.042040663305857, -0.09779306532624844, -1.1961144063917595, -1.82955894360618, -0.9652722128308758, -0.8334982526199479, -1.587085979872336, -2.76787526477915, -1.306083331149512, -1.0674338782095842, 0.6383125351629941, 0.24797570975482167, 0.04901617859603462, -0.03318767799740078, -0.1288479610337357, -0.33372063131260077, -0.6392433441803017, -1.0420431544491187], "kurt": [2.9626521322983637, 3.043440151319043, 3.6407847851919173, 3.0590719646906672, 2.9585097023915017, 2.941172780433793, 2.95164194927836, 3.097940571812134, 3.5915471796047975, 4.777726204408073, 3.04282764451006, 4.827169008937154, 7.443477489005054, 4.280111717901416, 3.924257504216147, 6.160010896210944, 14.225118657738125, 5.409990990041292, 4.891296179456127, 3.640786435456997, 3.059071906070425, 2.9585103349563453, 2.9411735273090143, 2.9516417961387664, 3.097939531554931, 3.5915540918751807, 4.7776370288941585], "step_size": 0.5}