{"param_names": ["alpha_star", "beta", "m.1", "m.2", "m.3", "m.4", "m.5", "m.6", "m.7", "m.8", "alpha", "p.1", "p.2", "p.3", "p.4", "p.5", "p.6", "p.7", "p.8", "llike.1", "llike.2", "llike.3", "llike.4", "llike.5", "llike.6", "llike.7", "llike.8", "rhat.1", "rhat.2", "rhat.3", "rhat.4", "rhat.5", "rhat.6", "rhat.7", "rhat.8"], "mean": [0.7504088581199989, 34.607377928000034, -2.804634047600019, -1.6452868894400101, -0.5724581632534043, 0.43115579837278173, 1.3690157291800167, 2.25496462939999, 3.089002416000026, 3.881511384599973, -61.31532829000062, 0.05909807997000015, 0.16371396244200057, 0.36137639875999944, 0.6057091919999904, 0.7959541090000021, 0.9034574053399992, 0.9549856440199966, 0.9787085036200056, -20.430581387999958, -32.150171370000116, -38.1961256820001, -40.224150442000116, -29.47099683599999, -19.532505972000195, -5.949392906999989, -1.292826422599999, 3.4867867234200274, 9.822837680200076, 22.40533667599993, 33.91971450999999, 50.14510884200035, 53.30398679200015, 59.2091099700006, 58.722510170000085], "std": [0.1382673770261924, 2.96262629923561, 0.2918630581425407, 0.2080491088830418, 0.14853137890685827, 0.13221261673023538, 0.16292002339282982, 0.21666912066874913, 0.27688558201674346, 0.3381608286987745, 5.271254787853701, 0.016108802984365088, 0.02819352985440266, 0.03405218242335424, 0.03143930890967636, 0.026225120206844577, 0.01867068348703284, 0.011773112520918188, 0.0070000828156584274, 0.7772094747617478, 0.7270353087066307, 0.6764745802823101, 0.8028816433639147, 0.34029083382846514, 0.1885827105233213, 0.4975374091282665, 0.43038129383833534, 0.9504193650802739, 1.6916118729570198, 2.1112353319682606, 1.7606012203068386, 1.6521822610989183, 1.1015704967772146, 0.7299328534634455, 0.4200050810268733], "skew": [0.07736271126977809, 0.17188553383708666, -0.1439957006570823, -0.1325907681143368, -0.09789999446385793, 0.026711112247176295, 0.14604673282336406, 0.18197087534066378, 0.1891275506553713, 0.1896281026597092, -0.17027011967745587, 0.6031279640320055, 0.2747211214574322, 0.026280232527801425, -0.056769084609010374, -0.14079648100316705, -0.3362381803427455, -0.5606642514116762, -0.7837678386694449, -1.1046289607813744, -1.4807417544861439, -1.234696119666927, -0.8849934751669609, -1.9399041974750173, -2.7635852940022496, -1.0273948516150582, -0.8096662830950415, 0.6031277673958539, 0.274721613423237, 0.026280529000625105, -0.05676951237184246, -0.14079659312233278, -0.33623743850009136, -0.5606627561630979, -0.7837713509671391], "kurt": [3.011605374699839, 3.0539089009705918, 3.008331191930889, 3.0076506800068414, 3.0225936386498238, 3.0102605477210544, 3.0372670816903247, 3.0705671058117954, 3.081684527640826, 3.08370201280876, 3.050769942418831, 3.4996140078750884, 3.0301367303717965, 2.9646680414131255, 2.9817455742022765, 2.978339375727965, 3.1253689710425583, 3.4721543435842745, 3.9977857893226583, 4.510808031121175, 5.951893069722768, 5.014652014450181, 4.042162753930512, 7.91755441942008, 14.126946031019784, 4.501896450933537, 4.079686926260173, 3.4996133218112377, 3.0301361665445317, 2.9646685458770268, 2.9817447100310344, 2.9783390585723586, 3.125368599483831, 3.4721486362973155, 3.997814489012985], "step_size": 0.5}