{"param_names": ["beta.1", "beta.2", "beta.3", "beta.4", "beta.5"], "mean": [0.14903577231601023, -0.8779846118999939, 0.47865546041999985, -0.16338900753345467, 0.16964472205600178], "std": [0.06028023186799057, 0.1058187875576003, 0.042284122505307414, 0.10356530520848993, 0.0381684315140872], "skew": [0.01647803088474287, -0.021034357297218382, 0.055837115416872606, -0.01471157803608637, 0.00966332482376851], "kurt": [2.9987583183313054, 3.001091333712031, 3.0155093877608365, 3.044327280368045, 3.006571734937441], "step_size": 0.5}