{"param_names": ["beta.1", "beta.2"], "mean": [0.6067928474000044, -0.6231355587400015], "std": [0.061340033278580224, 0.09882005852864674], "skew": [-0.007145808642691289, -0.00505936043098734], "kurt": [3.080274477421275, 3.074600134526371], "step_size": 0.5}