{"param_names": ["beta.1", "beta.2", "beta.3", "beta.4"], "mean": [-0.1484799404121345, -0.5797417385032393, 0.5575314130799958, -0.17900257650813983], "std": [0.11830928224906286, 0.20978722323530413, 0.07001494109248094, 0.10335069721505977], "skew": [-0.005431404289538112, -0.02227832242479117, 0.04806816612611215, 0.0073584610809557275], "kurt": [3.00038348001046, 3.019377878612035, 2.9988832449852687, 3.0425890402018396], "step_size": 0.5}