{"param_names": ["beta.1", "beta.2", "beta.3", "beta.4", "beta.5"], "mean": [-0.35084546318857884, -0.6063205404608645, 0.5578400402199939, 0.1693626999375995, -0.16381201089240183], "std": [0.1263246353945735, 0.20911300354401996, 0.06952895616610959, 0.03832371865697187, 0.10221823217627052], "skew": [-0.00740799399111778, -0.02291433130117443, 0.018415489412259144, -0.0063020286691344695, 0.010186184899293732], "kurt": [3.072798360059288, 2.9807185815909643, 3.035769517249767, 2.9940390571244815, 3.0075359074799004], "step_size": 0.5}