{"param_names": ["beta.1", "beta.2", "beta.3"], "mean": [0.0017431615934592145, -0.8980194254400012, 0.46203561661999576], "std": [0.07978571191587838, 0.10461141476329043, 0.04142419778914545], "skew": [0.0018346935689494573, -0.0015009471217563375, 0.039802764818306614], "kurt": [2.960673622572483, 3.0593181962245275, 3.000157191572533], "step_size": 0.5}