{"param_names": ["beta.1", "beta.2", "beta.3", "beta.4"], "mean": [-0.2141053446877166, -0.899260400939998, 0.46975257772000295, 0.17143973781944052], "std": [0.09387528445407109, 0.10464230933700362, 0.04152384006746638, 0.03862416951187298], "skew": [0.014395543691242555, -0.033463284662483266, 0.03425876403078855, -0.010900534790451385], "kurt": [2.979792426631153, 3.037934680512554, 3.0444900911989503, 2.992280032927644], "step_size": 0.5}