{"param_names": ["beta.1", "beta.2", "beta.3", "beta.4"], "mean": [0.3519706143599982, -0.8757800657800076, 0.47083999379999836, -0.17862284329039604], "std": [0.04026832552237432, 0.10519215069959255, 0.04178173956480937, 0.10274278431142193], "skew": [0.017632820136493994, -0.008193153037866047, 0.0552904352853925, 0.002953000831877397], "kurt": [2.9899478139966247, 2.980209900265895, 3.0128632716435084, 2.9675903942109563], "step_size": 0.5}