{"param_names": ["beta.1", "beta.2", "beta.3", "beta.4", "beta.5", "beta.6", "beta.7"], "mean": [0.3576161252999986, -0.9073216597799957, 0.49757555638000284, 0.18632748211400052, -0.11746835415662364, 0.3256452991538806, 0.07287865150047568], "std": [0.04052951388498291, 0.10790535997297329, 0.04354471506895325, 0.039452505168602506, 0.10363803057520282, 0.10798499852570913, 0.04401573662320416], "skew": [0.025320436059297794, -0.006554280652693346, 0.0505013873740519, 0.017000862692704264, -0.015201371354303307, 0.023137319108433932, 0.004983114355350849], "kurt": [3.017086022660419, 3.0290510043018766, 3.001853924793672, 3.02783396204876, 2.9713649345032587, 3.005683039457194, 2.9831410158908205], "step_size": 0.00120483598824}