{"param_names": ["beta.1", "beta.2"], "mean": [0.6072164884400056, -0.0062423687230000625], "std": [0.06022082227062976, 0.0009764409920676417], "skew": [0.01617685470819628, -0.013039857460487438], "kurt": [3.021897463122273, 2.989457027379058], "step_size": 0.5}