{"param_names": ["beta.1", "beta.2", "beta.3", "beta.4", "beta.5", "beta.6"], "mean": [0.20407357617856106, -0.8787079734199984, 0.4774112003799971, -0.16187853082986403, -0.12378809304764171, 0.16757781786940174], "std": [0.06935619815063587, 0.10569749551469833, 0.04233568316296133, 0.10297806776949782, 0.0770536106989141, 0.03858288837377241], "skew": [-0.011141875013488381, -0.035259901231005975, 0.046526628204790726, 0.007035103713284888, 0.002165205779796499, -0.0033862137923114477], "kurt": [2.9761640311998243, 2.9912095947709028, 2.9829367083547056, 2.9817862477217387, 3.007743579094235, 3.0039860915079304], "step_size": 0.5}