{"param_names": ["alpha", "beta", "theta.1", "theta.2", "theta.3", "theta.4", "theta.5", "theta.6", "theta.7", "theta.8", "theta.9", "theta.10"], "mean": [0.6966924304360045, 0.9285967509363998, 0.05961183281580061, 0.10191898640103675, 0.08920469852519972, 0.11589409060400163, 0.6006348560900048, 0.6097987405999986, 0.8918172948808765, 0.8916328175031988, 1.5874251604820253, 1.9879534539800077], "std": [0.2707960597743631, 0.5476044004306881, 0.025106333980876198, 0.07973390616643089, 0.03753117495299331, 0.030328875335315756, 0.31616734826485826, 0.13794853898154297, 0.7214242857493566, 0.7241118833608611, 0.7722933388816725, 0.42369646471764005], "skew": [0.9615732806159207, 1.3138851018288913, 0.8245645104758726, 1.4912128303582741, 0.825721229514115, 0.5127264176854006, 1.0564450958436875, 0.4580320716023326, 1.7964973556156374, 1.8083081273681867, 1.0371466345971727, 0.44767085902799764], "kurt": [4.677778992311763, 5.973551862690164, 3.9605506090382696, 6.108359183934968, 4.002757345782915, 3.3554927286027048, 4.644306354616113, 3.318945515317998, 8.48414561854591, 8.610947560034159, 4.619285212861825, 3.331208001317521], "step_size": 0.14439978083895003}