{"param_names": ["theta.1.1", "theta.2.1", "theta.3.1", "theta.1.2", "theta.2.2", "theta.3.2", "theta.1.3", "theta.2.3", "theta.3.3", "phi.1.1", "phi.2.1", "phi.3.1", "phi.1.2", "phi.2.2", "phi.3.2", "phi.1.3", "phi.2.3", "phi.3.3", "phi.1.4", "phi.2.4", "phi.3.4", "phi.1.5", "phi.2.5", "phi.3.5", "phi.1.6", "phi.2.6", "phi.3.6", "phi.1.7", "phi.2.7", "phi.3.7", "phi.1.8", "phi.2.8", "phi.3.8", "phi.1.9", "phi.2.9", "phi.3.9", "phi.1.10", "phi.2.10", "phi.3.10"], "mean": [0.10760521699899987, 0.2876187479000003, 0.3341750137299952, 0.6782599722199969, 0.5427551238999978, 0.42844464010399774, 0.21413480945199906, 0.16962612917199832, 0.237380348503999, 0.04215263850639959, 0.05349914964739958, 0.0052803096837977645, 0.0038533099271309823, 0.053542405715880106, 0.0052957082373651584, 0.0038697804181019443, 0.0017120117916494925, 0.005315439231930759, 0.5426419401399952, 0.0017305146178135569, 0.005344971106952028, 0.04206261978529975, 0.36358659868000237, 0.005279896375062165, 0.15759654989860158, 0.5189974443199914, 0.005240800718494657, 0.0038942531441961917, 0.0017343922007184815, 0.9524329268400006, 0.08114481392247944, 0.0017569242419739905, 0.005210077509148485, 0.11888628409479882, 0.0016786822018321948, 0.0052259012215231165, 0.0038978108350892853, 0.0017618760074921119, 0.005373970122012873], "std": [0.05733377001346119, 0.05846907436031472, 0.1008251150465848, 0.08656585635520535, 0.06425806308637537, 0.10594091008384397, 0.07581240763050748, 0.04844196069044835, 0.09084400661983291, 0.038709997788825674, 0.02920651577559228, 0.016210497619167836, 0.012023521846610334, 0.02937645715372327, 0.016318658676148998, 0.011894790778710756, 0.005391482619108063, 0.016436296084465212, 0.09599006848512014, 0.005323279042914484, 0.016421925726975213, 0.038902058686230374, 0.06270821252512199, 0.01655639232696229, 0.07056125703577466, 0.0651249451826349, 0.01608549193517417, 0.01235344438790112, 0.005404585607619378, 0.04784184351756521, 0.05270567327842861, 0.005526049442689178, 0.016139997943619984, 0.062107353834497336, 0.005302975593450174, 0.016154728503911264, 0.011875816497852576, 0.005479614152157072, 0.01644851284840727], "skew": [0.9149141760670187, 0.23573685818364723, 0.3115938810341677, -0.27909279125018266, -0.03864102071186204, 0.10961798778313916, 0.5134411213706808, 0.44087616759842807, 0.521683345516696, 1.7049574908370084, 1.0246290234852546, 5.7695365666379015, 6.064561839751714, 1.0137783386921584, 5.854003371202911, 5.709610884744684, 6.158086862469956, 5.983157841074849, -0.057254006400591, 5.897343743625588, 5.923162422685116, 1.684393292698502, 0.1537375296311523, 6.127139823536053, 0.7170583648599651, -0.021505327375973503, 5.916330378033909, 6.3806089105820245, 6.14125202166802, -1.8350440981505345, 1.1446729176831352, 6.126471336915781, 6.001914125916007, 0.8814542536110068, 6.143449815880065, 5.895741474858122, 5.940971345047979, 5.969408314736027, 5.815157793797944], "kurt": [4.046820126115356, 2.9770860181362044, 2.925131197814351, 2.9041790047364326, 2.89714049286597, 2.7517649964540776, 3.197589921194607, 3.1861867469822824, 3.157079916888622, 7.003608635314312, 4.466433700711612, 49.6093750777038, 55.402609092567566, 4.377871735766216, 52.507482527664024, 47.401936790487035, 58.305984826636895, 55.145748372164846, 2.7856444497305723, 52.973949038802544, 53.17117325066482, 6.778690842914175, 2.9188643847816143, 57.566857107451604, 3.5571644461816363, 2.8955165395362776, 53.875688473245944, 64.12134395397614, 59.4030626139953, 7.624109062601128, 4.716704327756186, 57.52016606354823, 56.41026181375689, 3.9358028492416426, 58.31938979187465, 54.5386491673611, 55.29006642704758, 52.87735823818769, 51.40511066633262], "step_size": 6.2059267006450005}