{"param_names": ["rho", "alpha", "f_tilde.1", "f_tilde.2", "f_tilde.3", "f_tilde.4", "f_tilde.5", "f_tilde.6", "f_tilde.7", "f_tilde.8", "f_tilde.9", "f_tilde.10", "f_tilde.11", "f.1", "f.2", "f.3", "f.4", "f.5", "f.6", "f.7", "f.8", "f.9", "f.10", "f.11"], "mean": [5.670729366400016, 2.928827084200012, 1.327960533519988, 0.30017066903588335, -0.1491970783067017, -0.23637201517121748, 1.1475640549812531, 1.4315803850818187, 0.6503673058734389, -0.21391105108158695, -0.421418616960325, -0.1807143461489102, -0.02070117148777002, 3.6361266553999942, 3.689621842799998, 3.25690190040001, 2.4117135188000165, 1.5642370244600163, 1.2986735407299979, 1.9345584392199902, 3.1813947667999942, 4.25337617119994, 4.415226214199989, 3.5070429188000145], "std": [0.6769590339838828, 0.7872947264817008, 0.3469727092660648, 0.20464413976762127, 0.5122988723682425, 0.6304709091158617, 0.8035455483373395, 0.7762488574580502, 0.9179071790546095, 0.9027763716959948, 0.8334670923348586, 0.9362455498025183, 1.0027718806805634, 0.15407693162064887, 0.1278139127614655, 0.14207728979640596, 0.19344816842667018, 0.24348304123803705, 0.2627432589680839, 0.2214220329432652, 0.1423266434000381, 0.09536966002131413, 0.09305558585051028, 0.16252135771685153], "skew": [0.1147943336831169, 0.9066662350507978, 0.5888979332680424, 0.48661370109241586, -0.1911061700883021, 0.12481279779187447, 0.13873650983172237, 0.050383891004748146, -0.15284144788507711, 0.041385712595219996, -0.0962226428016459, -0.04311015851919968, -0.0045074057096274375, -0.14208805584974124, -0.1415006880426178, -0.07603166115339689, -0.07147925812508688, -0.16097563089391884, -0.2535050582988165, -0.24827860510076294, -0.15766470602309351, -0.04144623249861751, -0.06860484709941773, -0.1625468834147212], "kurt": [3.0919484624464064, 4.2626175504434896, 3.3822483822276386, 3.670293471048243, 3.2133283232476226, 3.2079857266531007, 2.9622939866970914, 3.0269260800641917, 3.1134457192454374, 2.9791642173089, 3.0370031404604263, 3.0894759027521577, 2.9995892793168, 3.0318677909973695, 3.0792329440399375, 3.023113741925592, 3.057539712654115, 3.1053735728718586, 3.188873609955473, 3.16443580955848, 3.0875442417155865, 3.0181170628773, 3.0410004494157308, 3.06509757392248], "step_size": 0.01864877287157143}