{"param_names": ["mu", "alpha0", "alpha1"], "mean": [0.05983896073526464, 0.19097334603600208, 0.3685675103570989], "std": [0.046155127160763205, 0.03967066034143204, 0.2087718193388077], "skew": [0.028901841417023323, 0.5883221831551481, 0.5766138947405716], "kurt": [3.164834622192511, 3.5368855712318426, 2.8740578404276835], "step_size": 0.5}