{"param_names": ["alpha", "beta", "lambda", "sigma"], "mean": [-1.2030709506399997, 0.770453955040006, 0.6105669778400002, 0.451527129960003], "std": [0.09831735318721652, 0.03165416411720979, 0.02939423176644928, 0.022926959024574547], "skew": [-0.004756684294792746, -0.014224259745443295, -0.004959077706935432, 0.26442058139427915], "kurt": [3.0639897221227197, 3.020232964984624, 3.0620397046864163, 3.1121411220725568], "step_size": 0.5}