{"param_names": ["beta.1", "beta.2", "beta.3", "beta.4", "sigma"], "mean": [-0.7653621881000017, 1.1354298274999999, 0.8715554676999953, -0.8140542626289872, 0.2121209995199996], "std": [0.05517904774803941, 0.16216844534838723, 0.15183809851755153, 0.2885792364595457, 0.007964451550485275], "skew": [-0.019597152832383034, 0.010337813563468303, 0.024278098017292176, -0.01069903900186668, 0.1845239684469354], "kurt": [3.006971091445252, 3.0037808669730515, 3.0079619306486194, 2.991231319334687, 3.045242636140227], "step_size": 0.5}