{"param_names": ["beta.1", "beta.2", "beta.3", "beta.4", "sigma"], "mean": [-0.3296259466200013, 0.7287610957600024, 0.8697315702799993, 0.055543397136386126, 0.2121528168799997], "std": [0.02723189013581889, 0.043563338091450514, 0.15385054173732882, 0.2462116591911026, 0.008066240489338511], "skew": [0.00912844491824214, -0.01400614441023985, 0.007430363319957818, 0.0035820832893272416, 0.20170981442254973], "kurt": [3.0348079696760615, 3.0128196635021136, 3.0697423624108384, 2.943934448483108, 3.024653540652586], "step_size": 0.5}