{"param_names": ["beta.1", "beta.2", "beta.3", "beta.4", "beta.5", "beta.6", "beta.7", "beta.8", "sigma"], "mean": [0.6605395265000013, 0.3429884685540033, 0.005048260279950699, 0.029361481369810073, -0.11586128504753364, -0.34403293093400056, -0.29606654240434016, -0.05357656668302354, 0.3555196548600012], "std": [0.1069744383700539, 0.05109711480527195, 0.0028208018627757466, 0.0674460308845903, 0.06691043208641462, 0.07241535928778299, 0.09967236938172322, 0.05231862732749786, 0.016473650289225407], "skew": [0.0013021349245914925, -0.008042433143529652, -7.863478909612623e-05, -0.015562630257295044, -0.011607367493935058, 0.008415677404682905, 0.005942960963701943, -0.0015603569973383512, 0.23664428110130561], "kurt": [3.005966675994628, 3.0286718735711093, 3.0224740514405424, 3.071845910306928, 3.039450981232277, 3.0432041701130865, 3.02874212951129, 3.039651423067184, 3.153324183718836], "step_size": 0.0007439399260166669}