{"param_names": ["beta.1", "beta.2", "sigma"], "mean": [20.576431973000012, 7.94847839715004, 13.400123318000016], "std": [3.9693183849911824, 4.995887465992589, 0.618502945566106], "skew": [-0.02180791898316807, 0.012390142065447536, 0.23595771711966027], "kurt": [3.0063259967065306, 3.0108941965917273, 3.141146497556864], "step_size": 0.5}