{"param_names": ["beta.1", "beta.2", "sigma"], "mean": [0.545429812320006, 0.3623651951599993, 0.3831232675000003], "std": [0.040775627677149234, 0.05130409917621695, 0.017699196359871633], "skew": [-0.004572904793566993, 0.004697384335390712, 0.20535221358312059], "kurt": [3.099615887144243, 3.0879611478770586, 3.0806017573486955], "step_size": 0.5}