{"param_names": ["beta.1", "beta.2", "sigma"], "mean": [24.92675448599975, 2.8644817543605585, 13.400052772000086], "std": [1.4340825369169647, 1.7995954700722172, 0.6162318192929627], "skew": [-0.021594105861288314, 0.0050961085850030115, 0.23446561797423848], "kurt": [3.043307950853222, 3.048078046270756, 3.1010148017713908], "step_size": 0.5}