{"param_names": ["beta.1", "beta.2", "beta.3", "beta.4", "beta.5", "beta.6", "beta.7", "beta.8", "sigma"], "mean": [1.2456117374365747, 14.015382900389996, 0.7003254802600029, 8.393411551380112, -3.945290450831793, 0.9217379521332126, 2.7505304998548854, 1.5883553634002834, 9.723717635200021], "std": [4.8377824293020435, 4.103825240461302, 0.0784529011158358, 1.8567260169252258, 1.8248316077060884, 2.4883442664722217, 2.918050229765374, 1.4862019126318524, 0.455370341073655], "skew": [-0.021414435767582885, 0.009071371214417267, -0.014141726685448726, -0.011604610669666563, -0.008805017568115843, -0.0006553579297263511, 0.021060212339201304, 0.011373415142235069, 0.25066325296487163], "kurt": [3.0170544599838953, 3.0865012568931363, 3.0389349080372687, 3.006866430376269, 3.0002747429364796, 3.0189579342515445, 3.034206216421054, 3.0047223910973124, 3.122603417944867], "step_size": 0.35570987342365995}