{"param_names": ["a", "b", "sigma"], "mean": [156.12011443999958, 4.921689004999938, 28.62633325599983], "std": [0.6446214811849201, 0.16909777747764057, 0.4551571782804162], "skew": [0.014732211662224451, 0.0010948364951362448, 0.0743264912503418], "kurt": [2.961995094124046, 2.9858174785833356, 3.0132343173748324], "step_size": 0.5}