{"param_names": ["Sigma.1.1", "Sigma.2.1", "Sigma.1.2", "Sigma.2.2", "rho"], "mean": [4.179382398420007, 0.057693635315779666, 0.057693635315779666, 4.152586838240007, 0.013161986448842077], "std": [3.2515084705981416, 3.1366242915947713, 3.1366242915947713, 3.2169637039884584, 0.6280370004575699], "skew": [4.695718907307069, -0.11920084205021562, -0.11920084205021562, 4.67284829824389, -0.031824386019312714], "kurt": [55.51137395501502, 6.992110056895163, 6.992110056895163, 51.094537459291665, 1.4588177269847944], "step_size": 0.5}