{"param_names": ["Sigma.1.1", "Sigma.2.1", "Sigma.1.2", "Sigma.2.2", "y52", "y62", "y72", "y82", "y91", "y101", "y111", "y121", "rho"], "mean": [4.167951267399981, 0.0022327883970219994, 0.0022327883970219994, 4.121823445679998, 0.009465338724822046, 0.0015099706366799056, -0.011273665790139912, -0.007040402108619996, 0.004475713854577967, 0.0016999188945199515, -0.006764743637493986, -0.011829321679854083, 0.0038489467820920055], "std": [3.2034578122668926, 3.1031514733403553, 3.1031514733403553, 3.13924562615883, 2.083816447870065, 2.0792135057844985, 2.0755172962816157, 2.094219316450042, 2.1034472551286894, 2.0983673583131455, 2.0907235331971696, 2.100064841907703, 0.6288846270509708], "skew": [4.561245513340577, -0.04742025230583196, -0.04742025230583196, 4.490652735876584, -0.01944208658793726, -0.002874880155273647, 0.011788197468539766, 0.026781227807374065, 0.002048040164197104, -0.018229750545897795, 0.030188303620340345, 0.0029618401830781107, -0.009983968257469241], "kurt": [56.168185528798155, 6.412412217177077, 6.412412217177077, 47.91060615260628, 3.7736432370951722, 3.619548699283988, 3.6570258294457614, 3.9518535178529954, 3.5497523628856946, 3.6203517606251583, 3.634814202369107, 3.498082860907915, 1.4573606248197033], "step_size": 1.2253327649760002}