{"param_names": ["b.1", "b.2", "sigma"], "mean": [2.6622361289571894, 2.845873351800013, 5.270606341799994], "std": [1.115632156098487, 0.18692004397830136, 0.3844292583288531], "skew": [-0.007146565700354578, 0.002939624569321901, 0.3861363207364334], "kurt": [3.00894853908015, 2.9963464568332445, 3.365511171337351], "step_size": 0.5}