{"param_names": ["beta.1.1", "beta.2.1", "beta.3.1", "beta.4.1", "beta.5.1", "beta.6.1", "beta.7.1", "beta.8.1", "beta.9.1", "beta.10.1", "beta.11.1", "beta.12.1", "beta.13.1", "beta.14.1", "beta.15.1", "beta.16.1", "beta.17.1", "beta.18.1", "beta.19.1", "beta.20.1", "beta.21.1", "beta.22.1", "beta.23.1", "beta.24.1", "beta.25.1", "beta.26.1", "beta.27.1", "beta.28.1", "beta.29.1", "beta.30.1", "beta.1.2", "beta.2.2", "beta.3.2", "beta.4.2", "beta.5.2", "beta.6.2", "beta.7.2", "beta.8.2", "beta.9.2", "beta.10.2", "beta.11.2", "beta.12.2", "beta.13.2", "beta.14.2", "beta.15.2", "beta.16.2", "beta.17.2", "beta.18.2", "beta.19.2", "beta.20.2", "beta.21.2", "beta.22.2", "beta.23.2", "beta.24.2", "beta.25.2", "beta.26.2", "beta.27.2", "beta.28.2", "beta.29.2", "beta.30.2", "mu_beta.1", "mu_beta.2", "sigmasq_y", "Sigma_beta.1.1", "Sigma_beta.2.1", "Sigma_beta.1.2", "Sigma_beta.2.2", "sigma_y"], "mean": [106.67627710599972, 94.78386471799999, 108.43482239200003, 114.27712277800057, 91.51317815000021, 111.9677527980011, 100.01147903200062, 106.63221694000168, 120.9352307259996, 95.38966024399949, 107.00084980599975, 97.02842373000003, 106.75215280599967, 116.35386598200039, 120.44037967400008, 113.20977612399993, 97.24166021599939, 111.02858290200032, 110.81979100000046, 108.1480674079997, 106.94270789200048, 99.6384830639992, 104.03391984799963, 113.69964113199966, 87.55428515999908, 108.39117412000023, 120.30584746600077, 112.89545860800018, 97.55947763400033, 106.61827659000028, 6.050801491600029, 7.003002917799968, 6.5518419304000135, 5.3372875785999385, 6.40322861559993, 6.252749037999969, 5.853811485000021, 6.450528553200058, 7.385458849399968, 5.636837755600017, 6.893406874999996, 5.971713671000013, 6.165204518800021, 6.905664679199994, 5.514474107200054, 5.985080203400035, 6.1499849462000284, 5.865704701599984, 6.498945227000032, 6.06087131100005, 6.445249166000089, 5.709180551000061, 5.648417443000004, 5.951974955400024, 6.73235039339997, 6.62591846939999, 6.063848992799932, 5.892061240599918, 5.4677610645999914, 6.126085152199987, 106.49664713399918, 6.186590366800003, 37.59301061800036, 108.30653934920002, -1.0658385185452062, -1.0658385185452062, 0.4846555417400007, 6.112843381999997], "std": [5.351274848630017, 5.83075054256811, 5.355121015960484, 5.6709271271659185, 5.825057941569904, 5.406088448061614, 5.400206295079469, 5.359921968328242, 5.795753086114187, 5.536244020682647, 5.399526497063673, 5.4948810410273525, 5.358578125504852, 5.555744716616817, 5.857656006531845, 5.41130802967258, 5.543727979853589, 5.399020572354477, 5.393995477926807, 5.37419522304741, 5.336773881735569, 5.422909708145585, 5.375093096796856, 5.463349530086237, 6.126464741331015, 5.433956362550746, 5.748910552746668, 5.457585785783393, 5.517054291474039, 5.383182600411347, 0.22740410024611168, 0.24440337334620071, 0.22668989940199288, 0.23941210236580698, 0.24336343600378676, 0.22851295403401822, 0.22900321572052476, 0.22724737841503576, 0.24300651378701615, 0.2332831840256709, 0.22925487330311853, 0.23122283271748803, 0.22794004964537415, 0.23355532907248194, 0.24590315139237237, 0.22881528612148377, 0.2337298818237496, 0.22926070358154943, 0.2284994086868222, 0.22763172690885028, 0.22635683570996376, 0.22875681885783197, 0.22839776184825364, 0.2303820736703999, 0.254228236808947, 0.2305765935169858, 0.2406180007993433, 0.2301905912097915, 0.23333916404231597, 0.22822131973817672, 2.2486863080633808, 0.13656433435747062, 5.925011100869734, 43.86257901955706, 1.7343438710267398, 1.7343438710267398, 0.14404751145848438, 0.4755591098216303], "skew": [-0.007132509418436474, -0.057681934151443515, -0.0008239493939459438, 0.06732410889339559, -0.016931050698698786, 0.030861685629622645, -0.03394275557163418, 0.0059780652349490085, 0.02846811530657605, -0.014908641556117172, -0.016745207720288986, -0.042027955824884784, -0.014236626168834955, 0.024041644068490502, 0.03735231871270146, 0.048095210861831245, -0.03888666329326098, 0.02543346801828189, 0.022603512395611314, 0.01201554893317958, 0.0015506266269011747, -0.02725007169855769, 0.006724565173503898, 0.04008097218734299, 0.01974086888559176, 0.0011317456098943186, 0.03152529750930351, 0.04126059239679669, -0.023598299839498755, 0.01129222888881891, 0.013303327188802202, 0.037468770657962974, -0.007799870870378045, -0.046941429327680695, 0.0008371711898845225, -0.012611373531728452, 0.014824955818694967, 0.0014029211853297883, -0.00916746655883668, 0.009864572585975508, 0.0027005995452170353, 0.017553718069551232, 0.006833494610663088, 0.0030983084654319457, -0.015490098627067161, -0.018909028331473374, 0.040298544921505336, -0.0075170957872614744, -0.009359451833220313, -0.00794203637411706, -0.00598343391974732, 0.011430154161613785, 0.005379352077906761, -0.03786201887628842, -0.02782352576968253, 0.0062602009722808934, -0.019310318333304127, -0.028420990116034307, 0.018783928180545653, -0.006075459663100694, -0.009375852965593474, -0.008853797329334402, 0.7135373848125344, 1.0628627090544325, -0.7360700838315195, -0.7360700838315195, 1.2453820245241194, 0.44753256090987387], "kurt": [3.084816540772047, 2.9866491666937085, 3.062547740869219, 3.0504341685829477, 3.0632797058921253, 3.048505776052747, 3.0628387973988236, 3.1318873725631415, 3.0021058234278426, 2.9688246065501938, 2.979263806012348, 3.04194967900996, 3.101569482568006, 3.084721001016372, 3.004779438457581, 3.0715681437186038, 3.0391929513897926, 3.06143388825803, 3.1016733595735033, 3.112192862825583, 3.013849786915138, 3.00341012687191, 3.07664588028757, 3.013677906099385, 3.119450605625215, 3.095565861651416, 3.0376314822203763, 3.0140870155505435, 3.0902581209002524, 3.054660802432211, 3.0565585316393777, 3.019870040780087, 3.0644223207764365, 3.0258482440526486, 3.071878853177239, 3.0562997654180735, 3.075883358838667, 3.112244763685791, 3.0368482267695045, 2.9854106884581206, 2.991341084525569, 3.0413930107756952, 3.0807410660718335, 3.084222662292641, 3.0475187932454575, 3.0435103834666744, 3.0459667042320313, 3.0444161271097285, 3.080732570128846, 3.101347014667734, 3.0308405705644046, 2.987827285577041, 3.0670489614675347, 3.0195685933930414, 3.1016824812170833, 3.0667423825656144, 3.072866060495917, 3.0028653781018475, 3.06977920333752, 3.0293596312579885, 3.1946285245327624, 3.1574109600123186, 4.071252368581064, 5.317145424101952, 5.019227939835329, 5.019227939835329, 6.333593224362452, 3.4601465315286877], "step_size": 2.713236333018083}