{"param_names": ["y.1", "y.2"], "mean": [0.005214239380508084, -0.003356829707578036], "std": [1.0017907195322473, 1.0018659530095322], "skew": [-0.005985221147075658, -0.0024923210092709074], "kurt": [2.9958938283442245, 3.0250237358209473], "step_size": 0.5}