{"param_names": ["W.1.1", "W.2.1", "W.3.1", "W.1.2", "W.2.2", "W.3.2", "W.1.3", "W.2.3", "W.3.3"], "mean": [1.8844077731899853, -0.013543990519013664, 0.022041403622020544, -0.013543990519013664, 0.9208186009080079, -0.01686376140598039, 0.022041403622020544, -0.01686376140598039, 0.453567471108001], "std": [6.55239307622546, 2.198572279383694, 1.76303971129598, 2.198572279383694, 2.5578917681858884, 1.1111142615765777, 1.76303971129598, 1.1111142615765777, 1.3161863573175812], "skew": [37.10417324794941, -7.955861598887644, 22.917743318562913, -7.955861598887644, 21.120578774632424, -12.196892001614643, 22.917743318562913, -12.196892001614643, 22.91217446199083], "kurt": [2417.8227235169666, 591.491994946626, 1611.7661206132768, 591.491994946626, 815.0131553292013, 582.4435645400814, 1611.7661206132768, 582.4435645400814, 851.4082310813604], "step_size": 0.5}