{"param_names": ["y"], "mean": [7.863311511400213e-05], "std": [0.9942181079724474], "skew": [0.012223880172143731], "kurt": [3.044953870577009], "step_size": 0.5}