{"param_names": ["a", "b"], "mean": [-1.6867796881217825, 1.6690538067921368], "std": [2.349675374404805, 2.3444289778641463], "skew": [0.573685775867666, -0.5764775564029131], "kurt": [2.418901786812028, 2.433608207750678], "step_size": 0.5}