{"param_names": ["x1", "x2", "a", "b"], "mean": [0.00021656009558000623, 0.000356460693463991, 0.332942917858803, -0.332369897069758], "std": [0.5796337949983681, 0.5767268802263639, 0.4729617748178638, 0.4728380580843585], "skew": [0.0013783695779657824, 1.9301501210125575e-05, -0.5694636932227599, 0.571373707377455], "kurt": [1.7892757955209369, 1.792488070756574, 2.3892824503656014, 2.3967354803883185], "step_size": 0.5}