{"param_names": ["y"], "mean": [-0.0011404579040949997], "std": [0.4074084470202803], "skew": [0.005174838067790317], "kurt": [2.3922114427322874], "step_size": 0.5}