{"param_names": ["y"], "mean": [0.5024615240564281], "std": [0.2882434943601336], "skew": [0.0026117749134658597], "kurt": [1.7985140059267748], "step_size": 0.5}