{"param_names": ["x", "sd1", "sd2", "rho", "cov", "W.1.1", "W.2.1", "W.1.2", "W.2.2"], "mean": [0.0082682221504181, 2.6549237488199933, 1.328548223066, 0.004634464928278015, 0.01836895784295194, 7.975846871667976, 0.01836895784295194, 0.01836895784295194, 1.9981420959437979], "std": [0.6823193965296268, 0.9629262435345995, 0.48280600861619566, 0.4995806005189559, 1.993713258028626, 5.631201121970849, 1.993713258028626, 1.993713258028626, 1.4137836864727562], "skew": [0.04907192420941728, 0.4011078563104079, 0.40388777731137154, 0.003313084283847061, 0.04715337899133544, 1.4041909918752788, 0.04715337899133544, 0.04715337899133544, 1.4134328412769], "kurt": [3.737809171496361, 3.0523639210558025, 3.05191833047658, 2.0017173456091797, 4.562622826381383, 5.892554254470033, 4.562622826381383, 4.562622826381383, 6.062332191861773], "step_size": 0.5}