{"param_names": ["W.1.1", "W.2.1", "W.1.2", "W.2.2"], "mean": [7.973682730660017, 0.006087010660508055, 0.006087010660508055, 2.0004970312899926], "std": [5.68358145689788, 1.9998625866800361, 1.9998625866800361, 1.4198072352066344], "skew": [1.4321194723511042, 0.04381700623223699, 0.04381700623223699, 1.4278229774282354], "kurt": [6.130231521190771, 4.743846721998873, 4.743846721998873, 6.114793560758011], "step_size": 0.5}