{"param_names": ["W.1.1", "W.2.1", "W.3.1", "W.4.1", "W.1.2", "W.2.2", "W.3.2", "W.4.2", "W.1.3", "W.2.3", "W.3.3", "W.4.3", "W.1.4", "W.2.4", "W.3.4", "W.4.4"], "mean": [30.02993709119999, 2.803460598430265, -26.674424221659656, 1.1104865724240167, 2.803460598430265, 114.70777810420009, 71.46234973557702, -31.07621708214899, -26.674424221659656, 71.46234973557702, 116.77073142920074, -35.84133729274448, 1.1104865724240167, -31.07621708214899, -35.84133729274448, 14.461389875599963], "std": [13.37649462542425, 18.770099836070095, 20.566937850698544, 6.663779177497818, 18.770099836070095, 51.309673619761966, 43.166602692125544, 16.238477434736794, 20.566937850698544, 43.166602692125544, 52.287979009708415, 17.22602536931886, 6.663779177497818, 16.238477434736794, 17.22602536931886, 6.4534263208496085], "skew": [0.89490416166873, 0.08206524323967396, -0.6608813564260237, 0.09469828281190093, 0.08206524323967396, 0.886128241849836, 0.8064336992008028, -0.85837252661526, -0.6608813564260237, 0.8064336992008028, 0.9084830745985338, -0.8962082074855612, 0.09469828281190093, -0.85837252661526, -0.8962082074855612, 0.8909327376338064], "kurt": [4.203981964595481, 3.551541721186537, 3.7864682133703926, 3.4850128560871005, 3.551541721186537, 4.107045834147681, 4.015385543022065, 4.03896395619135, 3.7864682133703926, 4.015385543022065, 4.248528645983399, 4.23776338056084, 3.4850128560871005, 4.03896395619135, 4.23776338056084, 4.16711863112376], "step_size": 0.13978433046000002}