{"param_names": ["beta.1", "beta.2", "sigma"], "mean": [94.32493073999986, 5.666546917016002, 17.696996625999713], "std": [1.8036006679765069, 2.571734086231501, 0.9157056997069671], "skew": [-0.01398076510377806, 0.020383981665068433, 0.24894040453520044], "kurt": [3.0406196746604714, 3.0655594455775668, 3.083184731305618], "step_size": 0.5}