{"param_names": ["beta.1", "beta.2", "beta.3", "sigma"], "mean": [61.548142082000105, 4.729197397467994, 0.4601706739600045, 8.088293896200017], "std": [1.4813875591693757, 1.1630001555408778, 0.017320748949478167, 0.4199352640912963], "skew": [0.005698699059061699, 0.0025846126558318086, -0.0050389420345529085, 0.2596682821926378], "kurt": [2.998752977219955, 3.0733604816779345, 3.016376571872501, 3.128287068011326], "step_size": 0.5}