{"param_names": ["ag.1.1", "ag.2.1", "ag.3.1", "ag.4.1", "ag.5.1", "ag.6.1", "ag.7.1", "ag.8.1", "ag.9.1", "ag.1.2", "ag.2.2", "ag.3.2", "ag.4.2", "ag.5.2", "ag.6.2", "ag.7.2", "ag.8.2", "ag.9.2", "b", "d", "rho_ag", "rho_yt", "mu_ag.1", "mu_ag.2", "sigma_a", "sigma_g", "sigma_t", "sigma_y"], "mean": [12.45019601943545, 24.988328268019846, 9.833245181295988, 15.634909964763914, 18.454731880220052, 21.90315630656022, 25.221109111639873, 12.488016321985851, 15.1597159256001, 0.6816444673600065, 0.6753605144600013, 0.5205284093599992, 0.5185588722000011, 0.44212299470599997, 0.6428338560199972, 0.7355378617199946, 0.6246873136599985, 0.21263306682853483, 12.468797247310462, 0.32720585278000025, 0.2478368452138258, -0.05060030920572046, 17.201960935791977, 0.5602402594276016, 7.662230786600083, 0.21997248969799907, 0.350648368059999, 10.953553051200139], "std": [4.705216714674413, 4.614620876749155, 4.0850811255967345, 4.17934111407701, 4.0441064549955215, 4.114763446184066, 4.8912510139128775, 4.519508195786762, 2.6808542555233705, 0.07338255043679913, 0.06972220288004653, 0.0659484484587989, 0.08140192678604072, 0.08620266770891956, 0.06317800561679239, 0.07604416142805773, 0.08420575373450032, 0.07549753820947488, 4.699888992937386, 0.050874017042553704, 0.3581841873043277, 0.1588148009653859, 4.52471511245797, 0.08788702701799879, 2.764116627228881, 0.08293020769446688, 0.016486685348734337, 0.5684769554102477], "skew": [-0.03720454774376134, -0.036372901065502936, -0.044600969976028644, -0.0243081546625917, -0.010648574251836273, -0.022257129384330977, -0.02541659867024965, -0.0195972165101977, -0.030269086456068912, 0.027716155415227713, 0.011830376743275662, 0.0001460888376466266, -0.021760028979381018, -0.019750542127240457, 0.02093336170052834, 0.017383100890836358, 0.05037694802333556, 0.021969997711847825, 0.04040292436387749, -0.006365653668757626, -0.40435998108106935, 0.054296330090440444, -0.0024300620616576137, -0.010008320748136162, 1.9613228678013646, 1.973444723076839, 0.2217758388052006, 0.49255515532150956], "kurt": [3.3830437352014164, 3.328293433773481, 3.350139078633952, 3.274424722691046, 3.29582823558043, 3.2900640365618066, 3.3296200630248194, 3.259200349530771, 3.1567150948141047, 3.0327618815461017, 3.043048375061071, 3.0467865699990724, 3.0898508676392367, 3.0451186715472707, 3.017800225844522, 3.0363049286714388, 2.9880142961787923, 3.040845848470284, 3.4296997064322468, 3.0557053565129864, 2.5441993998062546, 3.004977195739717, 3.464021825583471, 4.706422081527919, 12.484779556843929, 13.157675644876953, 3.100003535551214, 3.898915175418541], "step_size": 1.0439334549577877}