{"param_names": ["mu", "sigma", "alpha.1", "alpha.2", "alpha.3", "alpha.4", "alpha.5", "alpha.6", "alpha.7", "alpha.8", "alpha.9", "alpha.10", "alpha.11", "alpha.12", "alpha.13", "alpha.14", "alpha.15", "alpha.16", "alpha.17", "alpha.18", "theta.1", "theta.2", "theta.3", "theta.4", "theta.5", "theta.6", "theta.7", "theta.8", "theta.9", "theta.10", "theta.11", "theta.12", "theta.13", "theta.14", "theta.15", "theta.16", "theta.17", "theta.18"], "mean": [-1.0280050407200194, 0.17875045367799997, -0.8757956496120285, -0.8987974266335976, -0.9246257820838143, -0.9502066366428045, -0.975977145674004, -0.9755276647860233, -1.0006367268479905, -1.0259322461399742, -1.0520283562799935, -1.0525068321800004, -1.0778103951800082, -1.0773265691599876, -1.077456966959996, -1.0777713194799847, -1.0763316320000218, -1.102805091960009, -1.1290534187400005, -1.1560820791999804, 0.2957634939199946, 0.2908992903400024, 0.28551256772000017, 0.28028690171999476, 0.2750870545200074, 0.27518201656000063, 0.27018198753999384, 0.26525787789999566, 0.26029200943999636, 0.26016993454400633, 0.25544909245399644, 0.25556470796000086, 0.25551127855199784, 0.25547858299800713, 0.2557387907399912, 0.2508524847659944, 0.24616255264400602, 0.2414218654659974], "std": [0.09443102444637437, 0.10529167629212643, 0.20521090376099377, 0.19647787624596935, 0.1877797658649708, 0.1827775563975323, 0.1781671868513526, 0.17856934476265876, 0.17486501038449986, 0.17476176617350914, 0.17816232555672212, 0.17625976407772512, 0.18168272119762457, 0.18307622607618151, 0.1813531350300524, 0.18294172360542715, 0.18218018881587836, 0.18732534384933835, 0.19727034026917267, 0.208089231459254, 0.043614090678282834, 0.04130844748255483, 0.038885981027605446, 0.03728786270883898, 0.03577081616771847, 0.03586223521065243, 0.034511692507676515, 0.03379545605735933, 0.03373417657370303, 0.03335690971522671, 0.03375973702236406, 0.0339713970878685, 0.03363589034478321, 0.03391496180121975, 0.033785994747571685, 0.03406748656324484, 0.03507907198933116, 0.03617686316992179], "skew": [-0.03353114028143521, 0.8197936642261763, 0.7145764230400178, 0.676563762706792, 0.5570271274435186, 0.4427340716429555, 0.3099404653958395, 0.3107788226614385, 0.14277079330934264, -0.08765254698191793, -0.30253416815256867, -0.31265065128641323, -0.44015286718582075, -0.47405703405078664, -0.49030200475342317, -0.49028847447437895, -0.5010759782140598, -0.6252529856961093, -0.7787973724290163, -0.8898667395092662, 0.9586562709476628, 0.9374361476500505, 0.8370297876387054, 0.760337099666302, 0.6344170545378677, 0.6414707687687383, 0.4921687822247001, 0.2794878764523972, 0.08939959714624625, 0.07979588967639861, -0.04320950911626036, -0.07478538979580604, -0.08682386187205277, -0.08740271369233314, -0.11094098750416617, -0.21588266049276827, -0.34809967307971335, -0.4675119062618299], "kurt": [3.258038700518789, 3.6570110585222535, 3.717845386333334, 3.827352960521602, 3.8486991950050315, 4.048460652547444, 3.9619013610106317, 4.01764954886251, 4.058059185688105, 4.083409445548617, 4.227458568189178, 4.263379730130488, 4.21934952552026, 4.242036249866269, 4.337090495053005, 4.282646246868172, 4.217429097614596, 4.3638035707028955, 4.5481595038327285, 4.4462019947321245, 4.261723757853527, 4.384647031892106, 4.366081471291996, 4.491010249021281, 4.346961232181795, 4.3459709524646435, 4.286702170904717, 4.099924701679868, 3.952582898961068, 3.9840645164274737, 3.8735135628496664, 3.833752613229725, 3.8183569718706427, 3.864097662535559, 3.722691410629089, 3.7262699955548944, 3.608631130570902, 3.46610883411921], "step_size": 0.008036645595428571}