{"param_names": ["y_raw", "x_raw.1", "x_raw.2", "x_raw.3", "x_raw.4", "x_raw.5", "x_raw.6", "x_raw.7", "x_raw.8", "x_raw.9", "y", "x.1", "x.2", "x.3", "x.4", "x.5", "x.6", "x.7", "x.8", "x.9"], "mean": [0.004171667131646569, -0.004945557963004085, 0.005148617200982048, -0.0020841640407919327, 0.0005772366646240009, 0.004658778537659994, 0.0033690211671480175, 0.004289551897209987, -0.0007856133054702128, -0.0015884038253739892, 0.012514957473941535, -0.021150963782458045, 0.0646900191754851, 0.001098753332126586, -0.009127255256915236, 0.11510751336711814, -0.030423724586752122, -0.03029505026715377, 0.005736464852031445, 0.05990692267400909], "std": [1.0052726039780684, 1.0006115604539512, 0.9974923192107953, 1.003667425137021, 1.0034829364906563, 1.0080864592890102, 1.005277907317291, 0.9989464049934088, 0.9956833500938387, 0.9997633880061035, 3.0158178131426197, 8.92693303651286, 8.996373653217017, 8.803029913528734, 9.144566843821739, 11.905213378398216, 8.636360942555518, 9.710958384329443, 8.586871332918914, 9.252992784599208], "skew": [0.0029043791162482796, -0.00911815700345353, 0.0010613994051556098, 0.0017958668088812891, -0.008966381531148187, 0.00993478368805601, 0.00039420215542081296, -0.005639034904218598, 0.01140923078450473, -0.005511182012534873, 0.0029042774534581476, 2.56184846681192, 11.058975974894798, -2.3857412985059985, 1.7737252714933947, 68.776737101773, 2.167539898002123, -11.934073692324915, 3.7012773769114897, 3.1980861643245566], "kurt": [2.986815896466078, 3.005840487141656, 2.98600467418425, 3.0175340015759806, 2.9903813550785534, 3.0109016927456724, 2.9932142780467164, 2.955454417031434, 2.9960378041809603, 3.0005463420271163, 2.9868161112762706, 517.2511346085795, 759.5911863294704, 343.8659626546707, 481.6599539732427, 10324.17909269854, 295.9028146404133, 1014.1737346064505, 515.4950474154397, 419.2225018460107], "step_size": 0.7607562339474999}