{"param_names": ["y", "x.1", "x.2", "x.3", "x.4", "x.5", "x.6", "x.7", "x.8", "x.9"], "mean": [1.0443649019098453, 0.03973801773979993, 0.0334074475288197, -0.054030669488248695, -0.20920100305837383, 0.06392358940281745, -0.006562465254202618, -0.04550146358801428, 0.06183675327506888, 0.018564304952053114], "std": [2.0801478797097848, 7.160156258599996, 7.3333092622272265, 7.351851352469415, 7.299979116422063, 7.646594446156696, 7.901657743583164, 7.504360592979292, 7.531543430304605, 7.712452354238182], "skew": [0.9057025007329131, -1.5164212457124648, 1.2476463532128843, -0.7078241943741256, 2.2781218164325567, -0.7012522671339003, 2.5030557563429623, -0.20019285302793907, -0.3171365051226761, -0.8087709227713117], "kurt": [3.2605070170727672, 119.59663209799749, 156.36864078696013, 114.50623685214573, 147.9806784151317, 197.67632304134506, 339.6011881118596, 253.41104120225964, 211.25028439820446, 165.06604806819212], "step_size": 14.522199733899999}