{"param_names": ["alpha", "sigma", "theta", "mu"], "mean": [1.329059228599997, 0.1975916287600023, 1.2104301224000027, 0.13851826560800054], "std": [0.03178336371364205, 0.012001733994864105, 0.031044101507612477, 0.019123845600617844], "skew": [0.06904717746108407, 0.20086031859201997, 0.29277357779109037, 0.14863783797351982], "kurt": [3.0468903897621002, 3.024873403844501, 3.085556865041211, 2.9841258699409643], "step_size": 0.5}