{"param_names": ["beta.1", "beta.2", "beta.3", "sigma"], "mean": [42.02881270599983, 1.7056043593403851, 0.6554768823400038, 2.2557039584000123], "std": [4.474626467306679, 0.7129442583175969, 0.042674338305263924, 0.2681814637554911], "skew": [-0.026392893871341444, 0.0064034463736538675, 0.028882918678877042, 0.6305710328623619], "kurt": [3.2092624959639493, 3.12071748374439, 3.22862521800101, 3.849634223829244], "step_size": 0.5}