{"param_names": ["beta.1", "beta.2", "sigma"], "mean": [110.36379012000015, 3.6897901038253864, 6.14615676940003], "std": [1.3601904810433387, 1.916563616981399, 0.7180525093372643], "skew": [0.009159940472672243, 0.008999301711805005, 0.5997211502821206], "kurt": [3.172165340233099, 3.176019382393498, 3.6954835650817937], "step_size": 0.5}