{"param_names": ["beta.1", "beta.2", "beta.3", "sigma"], "mean": [54.755610269450145, -0.32363821209929994, 0.5544630280460026, 2.7789561191999868], "std": [11.066722127574918, 1.2739249799632721, 0.10428930510938879, 0.5139465514710768], "skew": [0.03876044466594586, 0.0014935146872929001, -0.037876858483571314, 0.9720457774713313], "kurt": [3.4316551353567135, 3.4806191875848107, 3.431076816289894, 4.93327465493816], "step_size": 0.5}