{"param_names": ["beta.1", "beta.2", "beta.3", "beta.4", "sigma"], "mean": [37.93620749200028, 17.187192031873593, 0.6947719293600024, -0.14545747651956947, 2.2095754204], "std": [5.0977760626941535, 9.908554192573163, 0.048668057568273644, 0.09287061433151449, 0.2667759011842951], "skew": [0.002137000501262761, 0.00014805712807654568, -0.002300899821710808, -0.0021394965016186887, 0.6384338458688569], "kurt": [3.189255866829546, 3.1507432362822563, 3.1887994103329436, 3.153138538426715, 3.839248252003846], "step_size": 0.5}