{"param_names": ["rho", "alpha", "sigma"], "mean": [6.890235493000015, 2.4381676258799816, 1.8311883166400131], "std": [1.2937052983004103, 0.7890286499278752, 0.5015611800742215], "skew": [0.330159844320488, 0.947849362582157, 0.6249716971733452], "kurt": [3.2203089559083677, 4.4114979946185215, 3.491575011996692], "step_size": 0.011678330375050002}