{"param_names": ["r", "beta.1", "beta.2", "beta.3", "beta.4", "t2_censored.1", "t2_censored.2", "t2_censored.3", "t2_censored.4", "t2_censored.5", "t2_censored.6", "t2_censored.7", "t2_censored.8", "t2_censored.9", "t2_censored.10", "t2_censored.11", "t2_censored.12", "t2_censored.13", "t2_censored.14", "t2_censored.15", "median.1", "median.2", "median.3", "median.4", "pos_control", "test_sub", "veh_control"], "mean": [3.2808671078000327, -10.851617605599964, -12.041690182199954, -11.207914825599909, -10.452775482199915, 1.0780210117999927, 1.2071017214000035, 1.207516557, 1.2077821409999903, 1.2086427564000004, 1.207091456200015, 1.2087657293999912, 1.208207777400001, 2.787119810399998, 1.3741329198000056, 1.1064813777999967, 1.1060902814000055, 1.3368724125999971, 1.1350423984000095, 2.261990863200016, 24.446263894000015, 35.23461618199971, 27.270640579999768, 21.666585941999838, 0.3988423206540936, -0.3562970204781296, -1.1900724136552003], "std": [0.3336092826218015, 1.1598184012979693, 1.2331562242960485, 1.1907451575390797, 1.1013161822291069, 0.07498797762356453, 0.17321487224483775, 0.17524920636785338, 0.17471309705029747, 0.17463862363801566, 0.17471617825139113, 0.1759502365079685, 0.17486592750732055, 0.9181415123647894, 0.27369526554226337, 0.09795436373172488, 0.09842497335975033, 0.2531698522395559, 0.11916021326208939, 0.687680566526536, 1.8403728345147397, 3.1307703590940394, 2.2161547724807895, 1.6884297558638963, 0.3450932545997489, 0.3459814363174879, 0.370388384488129], "skew": [0.19840171734994722, -0.20749885760112569, -0.19025803681776565, -0.19964500936089113, -0.19132009424686544, 1.8615646060107627, 1.3866038267242673, 1.3931315627415346, 1.4282129658638758, 1.393471367667466, 1.4141292504264213, 1.3712300625806726, 1.3568001384261952, 0.38299785656807533, 0.9693828893974533, 1.725223847042918, 1.760069491479436, 1.0695340187332578, 1.5053448673377214, 0.47195450314838594, 0.2810330115840931, 0.5515030197572058, 0.3545777109438518, 0.39070220147766693, -0.025545435907399928, -0.02294494812304158, -0.0812940290460048], "kurt": [3.1168415524272106, 3.1316121793410256, 3.112319805011143, 3.11484932386941, 3.1055106635851986, 8.381901183447908, 5.582710274542225, 5.523728213592235, 5.9479422212556905, 5.681894099118601, 5.817655328012693, 5.411544545562707, 5.404159789576731, 2.9744896334885267, 3.9260114871612397, 7.444610970002043, 7.7338009642575, 4.340703526256806, 5.951099399719359, 3.1031489945871633, 3.2901974648873313, 3.708603183375396, 3.4137029619936303, 3.4351599730144735, 3.053544545531426, 3.029791946616323, 3.079757385139773], "step_size": 0.11398314781480712}