{"param_names": ["psi", "p", "occ_fs", "psi_nd"], "mean": [0.8383662034400045, 0.4645345939399987, 168.3527, 0.4543143661000032], "std": [0.04548296204983434, 0.030063215436234005, 7.6140647954951355, 0.1149878669202867], "skew": [0.06027801488818009, -0.019493715850399284, 0.4957497929985913, 0.7099474642535905], "kurt": [3.047454359789453, 2.9200328450620514, 3.344710608266392, 3.7894232930807585], "step_size": 0.5}