{"param_names": ["beta", "gamma", "xi", "delta", "y.1.1", "y.2.1", "y.3.1", "y.4.1", "y.5.1", "y.6.1", "y.7.1", "y.8.1", "y.9.1", "y.10.1", "y.11.1", "y.12.1", "y.13.1", "y.14.1", "y.15.1", "y.16.1", "y.17.1", "y.18.1", "y.19.1", "y.20.1", "y.1.2", "y.2.2", "y.3.2", "y.4.2", "y.5.2", "y.6.2", "y.7.2", "y.8.2", "y.9.2", "y.10.2", "y.11.2", "y.12.2", "y.13.2", "y.14.2", "y.15.2", "y.16.2", "y.17.2", "y.18.2", "y.19.2", "y.20.2", "y.1.3", "y.2.3", "y.3.3", "y.4.3", "y.5.3", "y.6.3", "y.7.3", "y.8.3", "y.9.3", "y.10.3", "y.11.3", "y.12.3", "y.13.3", "y.14.3", "y.15.3", "y.16.3", "y.17.3", "y.18.3", "y.19.3", "y.20.3", "y.1.4", "y.2.4", "y.3.4", "y.4.4", "y.5.4", "y.6.4", "y.7.4", "y.8.4", "y.9.4", "y.10.4", "y.11.4", "y.12.4", "y.13.4", "y.14.4", "y.15.4", "y.16.4", "y.17.4", "y.18.4", "y.19.4", "y.20.4"], "mean": [1.0123246528999978, 0.19971852070000162, 10.537154385399928, 0.35608314520000056, 9580.60487859992, 9140.386491200048, 8576.174532999978, 7907.654189399999, 7186.671706199975, 6482.006654199977, 5854.394478399985, 5338.120086600025, 4939.1438223999785, 4644.654078000043, 4434.1842395999965, 4287.037023599996, 4185.67131980001, 4116.529100799994, 4069.675494199941, 4038.0640176000165, 4016.7981154000026, 4002.5195228000157, 3992.9446926000114, 3986.529587400003, 214.06268280000046, 297.667947859999, 385.11940791999876, 460.7462210399949, 503.88755628000473, 501.6514209400041, 456.6607645399991, 384.41449554000013, 303.65443627999906, 228.4295237399989, 165.77701653999858, 117.26408651600066, 81.47607257199968, 55.91678004399994, 38.0544589260003, 25.75129255399989, 17.359160489999958, 11.671906442800038, 7.834439816799906, 5.252621696400017, 205.33243958000068, 561.945560940002, 1038.7060559599968, 1631.5995855999813, 2309.4407361999865, 3016.341953600006, 3688.9447623999645, 4277.465408800013, 4757.201731000002, 5126.916411400042, 5400.038721199998, 5595.698879400074, 5732.852576399977, 5827.554154799969, 5892.270003600011, 5936.184643600022, 5965.842716799974, 5985.808570599988, 5999.220833599933, 6008.217765199975, 5676.129378000008, 7831.220292200016, 10367.666174000064, 12772.88972200001, 14454.559169999973, 14925.169688000069, 14079.807351999836, 12238.746302000018, 9930.781422200023, 7630.619116799993, 5626.770673599987, 4026.513581800012, 2820.637378399994, 1946.7848646000057, 1330.0104557999894, 902.343233140001, 609.318857580001, 410.1485536000047, 275.4955557600023, 184.78678455999912], "std": [0.042715476915126414, 0.008596474670778105, 0.7103292540626224, 0.025171762601236523, 12.861050124121922, 23.0561932831814, 32.83083832347607, 41.36687806529735, 48.742224838421684, 55.376365239735534, 61.19692610534868, 65.82406467363457, 69.13713191389753, 71.35114475765654, 72.79370739559255, 73.74106285247157, 74.37787230118425, 74.8159790308939, 75.12197682504723, 75.3371854549259, 75.48864469934196, 75.59484231116501, 75.66898830128532, 75.72049467562427, 9.179052142884037, 12.300235536058356, 16.040913365167786, 20.40070107280458, 24.34594977769338, 26.46107044534652, 25.99273834624098, 23.29899859454795, 19.391373768331437, 15.259770580175038, 11.532288069904713, 8.47138029064089, 6.102494109524143, 4.338073889655499, 3.05637529823593, 2.14051503425609, 1.4931094937315115, 1.0387115362662944, 0.721271584353067, 0.5001961373950936, 6.173520968323795, 16.75854553635083, 27.44590829139072, 36.70472025635289, 43.72520693310688, 48.802599427111474, 52.9057197461317, 56.75940685812533, 60.49043184629189, 63.91256000170618, 66.84577000627871, 69.2212401930531, 71.06314667791318, 72.4449925226883, 73.45583884238256, 74.18110932649302, 74.69375717001898, 75.0519473925839, 75.2999825076317, 75.47055979349547, 274.424903144372, 348.62116630529124, 438.83749655302165, 527.3802334866714, 591.4568234068961, 605.5915237449616, 560.7516113252838, 472.673139390411, 369.3980690842923, 273.9137902525446, 197.0217371841378, 139.86578223338668, 99.07662554058146, 70.39565516494014, 50.228865249712634, 35.96056995462772, 25.794011265694174, 18.510449335266173, 13.275379981169406, 9.507874178159934], "skew": [0.12589815957327394, 0.29343203302692156, 0.23479028485158707, 0.24345019220870254, -0.047742038449913586, -0.031135427530823587, -0.028269338148994766, -0.03154057506975132, -0.037498317349836524, -0.042061079720310805, -0.04322534646346507, -0.0415459525872838, -0.03847157281942429, -0.0351818165764576, -0.03229860032174274, -0.03002046081874502, -0.028328422417018335, -0.027119567394323616, -0.026277460269817303, -0.02569897468997826, -0.025308505680040234, -0.02504469106632016, -0.024868726316323496, -0.024752943781490264, 0.08938651792515472, 0.0750701264576599, 0.05303490397932802, 0.03724223460703442, 0.03247089660793468, 0.035345717342751125, 0.042024892131974884, 0.05138344468906366, 0.0636354043664248, 0.07880082766867398, 0.09630545446162556, 0.11525189305856155, 0.13476399059695368, 0.1541753028057168, 0.17306404444366302, 0.19121294618311624, 0.2085474680801228, 0.22507984466999173, 0.2408746088340855, 0.25601637215845163, 0.08777634073701661, 0.08004342851903007, 0.07424580872079659, 0.0682643105390987, 0.06082386043200818, 0.05083234124088211, 0.04045985554918062, 0.033075501643464046, 0.029094705273978203, 0.02702085311020023, 0.025776715452152103, 0.02498774874381044, 0.024520226598180792, 0.024288424298329527, 0.02420791841754075, 0.024212151863211805, 0.024252453315184774, 0.02430518980530641, 0.02435395492740861, 0.02439622477074766, 0.10489594857651535, 0.12088519583786907, 0.11965107212584998, 0.11839285057960902, 0.11804685307716016, 0.11807172677969609, 0.11714126892389089, 0.11490295134136894, 0.1121931698837105, 0.1101671707792561, 0.1095792825590131, 0.11061623386023196, 0.1131303542655785, 0.11689548757167013, 0.12175186646342274, 0.12758420808744764, 0.13430318922828074, 0.1418179677858311, 0.15004409971890126, 0.15889625369622773], "kurt": [3.0135711457687875, 3.168345643577996, 3.1348183903866245, 3.0738652606818997, 3.0060659274368144, 3.003802169811848, 2.995100621811555, 2.98412874695067, 2.9762221499471964, 2.974689550879493, 2.9764074546649497, 2.977557594085095, 2.9777772131316813, 2.977854223247526, 2.978209584654173, 2.9788301508010977, 2.9795843821026997, 2.980345982187347, 2.981029015787447, 2.981610286747152, 2.98207379039581, 2.9824375981050038, 2.982716857012425, 2.9829208099988374, 3.019968353685464, 3.0136809726952527, 3.0081340084253614, 3.006481246255407, 3.0044128132413332, 3.0019732894941167, 3.0009430178964607, 3.0022058323592584, 3.005822199142803, 3.0114703512717393, 3.0187212867347064, 3.0271755217815066, 3.0364931104256856, 3.0464266816227235, 3.05679746352142, 3.0674953478708313, 3.0784503068082127, 3.089646157654217, 3.101075184985336, 3.112755356094223, 3.0161706791411422, 3.0050202143001825, 3.0019997869880344, 2.9994172647291544, 2.9952279308279492, 2.9894610879004895, 2.9837922165569966, 2.9794214274047004, 2.9766361657919207, 2.97543347940211, 2.9755108317749146, 2.9763632902232313, 2.977527777896548, 2.9787149352858524, 2.979788186876313, 2.9806748005816672, 2.9813883571376087, 2.9819334275661857, 2.9823559057481526, 2.9826633573788084, 3.00648781474692, 3.0222974286322195, 3.02524689926754, 3.0248544183220116, 3.0221419162855887, 3.019402308388898, 3.0180066392093545, 3.017997341191894, 3.018638770902307, 3.0191494992707146, 3.019693383281204, 3.021612975366339, 3.0263397859217553, 3.033908181509222, 3.0430020552264803, 3.052035325370911, 3.060013154501034, 3.0666488349683654, 3.0721413527502204, 3.076878615471921], "step_size": 0.5}