{"param_names": ["alpha.1", "alpha.2", "alpha.3", "alpha.4", "alpha.5", "alpha.6", "alpha.7", "alpha.8", "alpha.9", "alpha.10", "alpha.11", "alpha.12", "alpha.13", "alpha.14", "alpha.15", "alpha.16", "alpha.17", "alpha.18", "alpha.19", "alpha.20", "alpha.21", "alpha.22", "alpha.23", "alpha.24", "alpha.25", "alpha.26", "alpha.27", "alpha.28", "alpha.29", "alpha.30", "alpha.31", "alpha.32", "b", "sigma_a", "sigma_y", "a.1", "a.2", "a.3", "a.4", "a.5", "a.6", "a.7", "a.8", "a.9", "a.10", "a.11", "a.12", "a.13", "a.14", "a.15", "a.16", "a.17", "a.18", "a.19", "a.20", "a.21", "a.22", "a.23", "a.24", "a.25", "a.26", "a.27", "a.28", "a.29", "a.30", "a.31", "a.32"], "mean": [-0.4785247362793637, 0.08150438335910856, 0.8606873743531124, -0.6919311060016712, 0.011744386698163987, 0.2678637245883882, 0.5937602670870322, -0.32659265176769314, -0.7854498278104414, 0.2531757539129918, 1.095492248239457, -0.32594174767351614, -0.17416771161969977, -0.15760526067584169, -0.3390002443260132, -0.4652188152230807, -0.20148143518711836, 0.21398479838315246, 0.17824970843414437, 0.5153183274916409, -0.14956287781506103, 0.05208649196111586, -0.13246706700168473, 0.14077929990644275, -0.30656803378909336, 1.1026016817913042, -0.2316494766446531, -0.7088096185208937, -0.004610980682294822, -0.5059012660853809, 0.6951294949620626, -0.08420461715627761, 0.45297856293699323, 0.16660367338868778, 0.4221584705199959, 0.28815071676221954, 0.37014694163099293, 0.48641294582879857, 0.17058409628903454, 0.27802545053158506, 0.30390450285613846, 0.3357146020465972, 0.14307421809296433, 0.03573500606135015, 0.20410396429521793, 0.3344635186307787, 0.0483134464616096, 0.05219126931425221, 0.03381550069443907, -0.0262829201441093, -0.07245880929424786, -0.05119031730877091, 0.002960654573401805, -0.025106824598564764, 0.009217855585280339, -0.1349286219113124, -0.12009826498992494, -0.184369887681228, -0.15386448076440742, -0.2626291418778863, -0.027303068062988645, -0.29591814305766473, -0.4116784011065013, -0.30188215799541757, -0.4192938839258586, -0.22047528995498986, -0.3894387364097701], "std": [0.8143521045658995, 0.7818904118339159, 0.8498479641034513, 0.9304633666207258, 0.8396332233132419, 0.8190359858944937, 0.8370404300736178, 0.8643728421206386, 0.9028938889919373, 0.8021553457338345, 0.8580523530690957, 0.8822844942570418, 0.857883837178102, 0.8580023894453357, 0.8599364334597924, 0.8711177598558851, 0.8862758563421069, 0.8450740085414266, 0.8162690416599298, 0.8365256852779067, 0.8862654180290496, 0.8369880456150731, 0.8900515220446948, 0.8312928716313368, 0.8671160386157718, 0.8870701661663273, 0.8491704518904617, 0.9100641691318019, 0.8643993639165064, 0.879193203682363, 0.8741483716411955, 0.8733002461800716, 0.10236848026293249, 0.07660100032693842, 0.053523088726365055, 0.14227575426375055, 0.12505263584957874, 0.15963224352075372, 0.1810529280807594, 0.14445415594844618, 0.13752440465866653, 0.14629579744132803, 0.15264978974351487, 0.17180687954884902, 0.13101468559522275, 0.16738435580675784, 0.15320387017670994, 0.14714846149821884, 0.14503647654737784, 0.14898613074498382, 0.1510846362854174, 0.15165795589610792, 0.14260589941426782, 0.13668405504057685, 0.14413404343930597, 0.15162342197315282, 0.14085252242362573, 0.1544587433899582, 0.13962083080218848, 0.15170773090419667, 0.17465631402902718, 0.148100794555504, 0.1718506149221739, 0.14831912282391937, 0.15826752495185512, 0.16382290629263652, 0.15049221343492558], "skew": [0.11228531179880623, -0.10800777613025157, -0.29552389036431304, 0.1087270874210831, 0.006361619541682002, -0.08804581461678912, -0.126735830067251, 0.07635695778372305, 0.16775805372406014, -0.07243690538825454, -0.3729277083704598, 0.06711627955916713, 0.02811978208893263, 0.010342511676296854, 0.057051306394665526, 0.09112376654862436, 0.042227212109455375, -0.05150563651114587, -0.06286427554702546, -0.12072587007038353, 0.02622430003538452, -0.0637400936392701, 0.06597683767068266, -0.06171775270297676, 0.08110292917422232, -0.2839202264145666, 0.04491738768536964, 0.16344952016641384, -0.0014095539864505133, 0.11681151994982485, -0.16740207027703616, 0.0006957575531239087, -0.05343123540112636, 0.050402131303880014, 0.4435860612541557, -0.31199318743988913, 0.14224650579775863, 0.42579894956030234, -0.577244653176982, -0.05655187430032339, 0.2613406639137449, 0.3938973109152543, -0.3878879704442118, -0.5824341275420607, 0.2962571926512084, 0.45119824304894823, -0.3638450973992315, -0.22708756418464607, -0.10902663069739597, -0.3483568267943738, -0.4083593024393574, -0.2689186919831307, 0.2545387721415788, 0.28591443572392833, 0.4614510372041884, -0.11058398437037255, 0.12181234426951439, -0.18189475277499745, 0.2187896092564984, -0.288338253375035, 0.4684148284651203, -0.20846893387038776, -0.5583810258794037, 0.025480341883987484, -0.3503681933597844, 0.46905903326774656, -0.055362176215966515], "kurt": [3.257198447213288, 3.3650574288237256, 3.383268197702211, 3.068113829968449, 3.1746734587042336, 3.2933817140879866, 3.2308730110878554, 3.145751940752923, 3.0962069084482833, 3.364048608553007, 3.4913639451231027, 3.137080252991194, 3.1370996256281334, 3.110611293123287, 3.17383056332319, 3.1762485873588853, 3.089995398655744, 3.082616012324812, 3.188954602339978, 3.2139713476278358, 3.0758518981681244, 3.1468397147623426, 3.042145539329992, 3.211655909409501, 3.0953795719036052, 3.3666230881340087, 3.1439941872576505, 3.158318843212219, 3.1662054284454784, 3.1792272313173084, 3.1724986742129664, 3.066804782283492, 3.4084259420632206, 2.834695946833352, 3.364127275253035, 3.360249115398407, 3.4567358411217968, 3.0656126107460615, 3.5716214711457512, 3.809076397624669, 3.722920363149868, 3.4059058090457226, 3.78851996003293, 3.547987241689715, 3.890753371108881, 2.827530244964457, 3.9886115103333553, 4.0529886618957205, 4.116067935665855, 4.048635284460258, 3.8260572628029643, 4.045070445458025, 4.009181942190236, 3.9199544900335614, 3.6137200542799546, 4.08910650785698, 3.9330484631830487, 4.00291539437331, 3.940337423420305, 3.7732107027689334, 2.958415904207395, 3.9591530958959265, 3.647057430564703, 3.8406240585870575, 3.5733611004789574, 3.3974349335422347, 3.793667833221416], "step_size": 0.14394219964808275}