{"param_names": ["alpha.1", "alpha.2", "alpha.3", "alpha.4", "alpha.5", "alpha.6", "alpha.7", "alpha.8", "alpha.9", "alpha.10", "alpha.11", "alpha.12", "alpha.13", "alpha.14", "alpha.15", "alpha.16", "alpha.17", "alpha.18", "alpha.19", "alpha.20", "alpha.21", "alpha.22", "alpha.23", "alpha.24", "alpha.25", "alpha.26", "alpha.27", "alpha.28", "alpha.29", "alpha.30", "alpha.31", "alpha.32", "sigma_a", "sigma_y", "a.1", "a.2", "a.3", "a.4", "a.5", "a.6", "a.7", "a.8", "a.9", "a.10", "a.11", "a.12", "a.13", "a.14", "a.15", "a.16", "a.17", "a.18", "a.19", "a.20", "a.21", "a.22", "a.23", "a.24", "a.25", "a.26", "a.27", "a.28", "a.29", "a.30", "a.31", "a.32"], "mean": [0.35245323706800774, 1.0543206966353085, 1.7061067351661963, -0.43181417073842787, 0.42426823801634533, 0.8954303693018052, 1.0495243015273328, -0.1025652895371237, -0.6040017699608089, 0.7464655120306, 1.3924638657096586, -0.15561647515354654, -0.009866408564775843, -0.02440562172866594, -0.2644192252011957, -0.2879351625695973, -0.3561194538509922, 0.13136347509241142, 0.0677448945144069, 0.3341919366876681, -0.340498953479124, -0.08407252974878189, -0.4635652231583411, -0.20779668724972214, -0.6335666738796494, 0.5777254610342191, -0.7204184834826278, -1.3629187893216217, -0.5748363236214653, -1.208601253731926, 0.06410283646145552, -0.9607021435198134, 0.3067358419220006, 0.4206267946400074, 0.10687963149096356, 0.32087254778634494, 0.5197707611758233, -0.13227371806063004, 0.12923204726173526, 0.27298599186379446, 0.3178443389405059, -0.031627470564491895, -0.18614656567081492, 0.2278637152081417, 0.42111480057340117, -0.045882547025206034, -0.0037282782210385796, -0.003386900133035793, -0.0807326014392033, -0.08678182943757416, -0.11008841205781611, 0.041658228431811876, 0.02602756824502294, 0.09946786130046746, -0.10078820031164284, -0.02562792028754725, -0.14531858928407998, -0.06087726869963891, -0.19244722799062172, 0.17459965211443465, -0.220705904842667, -0.4200372364926438, -0.1739443934534088, -0.36878003340778204, 0.023393592649315634, -0.2928674061940776], "std": [0.6021598013089895, 0.557711621717988, 0.6027917997623976, 0.7564632454059399, 0.6660269918696813, 0.6410546238280942, 0.6719001223790717, 0.682390801609485, 0.7280473273307737, 0.6249310583659138, 0.5820421927606746, 0.7355346899148206, 0.718289362695345, 0.7181683253379104, 0.7295204118729571, 0.696798331703734, 0.7266188236021338, 0.6919643465130101, 0.6565101884555399, 0.6552495860068377, 0.7517546020983609, 0.6774920535478518, 0.7659388439730621, 0.664467688788008, 0.7146712790529922, 0.6246869472823288, 0.715270796102498, 0.750189356785217, 0.7110605739989633, 0.7403440521078353, 0.6583789912418562, 0.7342124835571605, 0.07115435672731875, 0.05681245934727268, 0.17784146228735934, 0.17300109384196025, 0.19953074208484323, 0.22788581154698986, 0.1988065103772636, 0.19602213722893766, 0.20517979442156925, 0.20399398022337814, 0.22387370965733094, 0.1904424767559913, 0.18079783937279334, 0.22122972318045275, 0.21635159863319559, 0.2150915724497849, 0.21959270065002764, 0.20944412625990796, 0.21928650635998, 0.2062878496776382, 0.1960768079474845, 0.19422240930511245, 0.22686169660935918, 0.2035451733792949, 0.2336940226064713, 0.1977566041800203, 0.21641782621662903, 0.18720640904661656, 0.21925152113724744, 0.2428267240304747, 0.21470445344687206, 0.23061868563412283, 0.19720304497989447, 0.2270510677497128], "skew": [0.017248599327128106, -0.04699618566350691, -0.09967863938073397, 0.04090399641792495, -0.007604459157363809, -0.04703044013955201, -0.02405062807104894, 0.014862632326040756, 0.05611501275600764, -0.05140746757377396, 0.007074270437985833, 0.006609144142705672, 0.027161662910259975, -0.061248891708774844, 0.01738810169370378, 0.014980977220961556, 0.057813433680188805, -0.026165631709164625, -0.0919432745345131, 0.03805636217159225, -0.03608437228080776, -0.019402353992018596, 0.09185260365398558, -0.015475632032262593, 0.04440151271778298, 0.003850956700064079, 0.05199355018954042, 0.14621318297598032, 0.034212195766612746, 0.0883185399170632, -0.07201162228312707, 0.045728492670867676, 0.2353119055120329, 0.5895793964446139, 0.06733445477482233, 0.05280655193949165, -0.026717794625404398, -0.019496983170394302, 0.06785417347947435, 0.07425235303462867, 0.0715315536484024, -0.009788759238748699, -0.11082591127074591, 0.0975272131778441, 0.02580820723444036, 0.03142176826652087, -0.00342570819469363, 0.04447846245493544, -0.04012471104457704, -0.015878839273500287, -0.05132075114442298, 0.02122844198101767, 0.08968285563721273, 0.024386553788451462, -0.023653096521068034, -0.04628744090668496, -0.07543948918475078, 0.02022101912825197, -0.054025676027858745, 0.04703882194279195, -0.10895710406219139, -0.11721607115488948, -0.03571784304243963, -0.0629451231911166, 0.05053387553896928, -0.11751183174992301], "kurt": [3.271908436601701, 3.37764631407795, 3.49149468876336, 3.187080960352305, 3.2539381775291845, 3.3253136628787265, 3.2820413076153745, 3.1903261035314205, 3.1979645122134484, 3.353487010313686, 3.345079383530776, 3.135650511168679, 3.1562351913936113, 3.150871489994562, 3.145209553851238, 3.1855984749516435, 3.24341356431386, 3.194696267608559, 3.3662238161869995, 3.2975633120548946, 3.0664898643225205, 3.2436963754814383, 3.135624644203818, 3.2727529426514446, 3.1682925542930005, 3.2595636666361507, 3.2130897019280105, 3.331978447073715, 3.210555490455032, 3.2421238188500334, 3.2531143462780254, 3.190147474418104, 3.7234424258894987, 3.6289175573864005, 3.083406530692806, 3.0265972253766784, 3.025848688154816, 3.190302908678073, 3.169700310429015, 3.0842773104383845, 3.129960122345006, 3.2232627105129255, 3.241780571352792, 3.1745172369957357, 3.047533204258512, 3.2163884322182916, 3.1948718158232183, 3.229702895902382, 3.2332430647315036, 3.2232323498514943, 3.25588897721836, 3.159448527966502, 3.2785447409354154, 3.192929145503867, 3.204534513100073, 3.3045084605180097, 3.1842954563450023, 3.246908562269757, 3.1453560956205484, 3.15553878979258, 3.210696906700978, 3.094014456282891, 3.2160595499460367, 3.07819632591742, 3.2640834500084175, 3.18984731272671], "step_size": 0.1618171271449714}