{"param_names": ["sigmasq", "theta", "lambda_1", "p1", "lambda.1", "lambda.2", "sigma"], "mean": [15.80131285260004, 12.525867641635854, 536.8012448199984, 0.5989262893858468, 536.8012448199984, 549.3271134799968, 3.8813135098000155], "std": [8.610635076031325, 7.789985243255239, 1.4156935027420428, 0.1088804529799954, 1.4156935027420428, 8.046282753399192, 0.8583228997691197], "skew": [3.4938452087434295, 15.931567612659459, -3.3639982441844034, -0.7347024162846408, -3.3639982441844034, 16.03508570658668, 2.4835264612430725], "kurt": [18.073315308021325, 318.9566961382523, 60.62671368448554, 8.719274169982564, 60.62671368448554, 314.23862840452546, 10.89056382510794], "step_size": 0.5}