{"param_names": ["theta1", "theta2", "X.1", "X.2", "X.3"], "mean": [-0.9895873764463614, 0.04854873055752514, 13.370197043634473, 27.508045496059655, 40.97451754839982], "std": [1.6357231817862272, 0.05917967498452137, 8.545643921882974, 7.441217407286212, 8.642014514871743], "skew": [-1.3894352395611926, 1.276493255872012, -0.09594649346040769, 0.02390407861286969, 0.09712690123392496], "kurt": [33.17136058408659, 31.411469762205417, 3.0155553373792654, 3.217460581020348, 2.9455065496975337], "step_size": 0.5}