{"param_names": ["p.1.1", "p.2.1", "p.1.2", "p.2.2", "p.1.3", "p.2.3", "p.1.4", "p.2.4", "p.1.5", "p.2.5", "p.1.6", "p.2.6", "p.1.7", "p.2.7", "p.1.8", "p.2.8", "p.1.9", "p.2.9", "p.1.10", "p.2.10", "p.1.11", "p.2.11", "p.1.12", "p.2.12", "p.1.13", "p.2.13", "p.1.14", "p.2.14", "p.1.15", "p.2.15", "p.1.16", "p.2.16", "mu.1", "mu.2", "a_plus_b.1", "a_plus_b.2", "a.1", "a.2", "b.1", "b.2", "theta.1", "theta.2"], "mean": [0.9539869618199923, 0.967915594859986, 0.9517831499199925, 0.9650511329799885, 0.9440393366000018, 0.9625707235799855, 0.9442523945000029, 0.9588131185399953, 0.9411012687999897, 0.8856295045200046, 0.9408909398200043, 0.8751155553400031, 0.905242801820008, 0.8750244533199987, 0.90055753116, 0.8628167724399997, 0.8893494103799989, 0.8630449420400023, 0.8893112265600046, 0.7797109684559949, 0.8819742163000122, 0.7691820084999998, 0.8569180720200014, 0.5965137770099921, 0.8408511400200006, 0.5280451872899968, 0.7934162245199927, 0.540980279512, 0.7736355094599996, 0.3544237891819955, 0.7728449079000003, 0.12553387176156652, 0.8626408503399938, 0.6993895396200034, 11.829885648959966, 1.5753222537200033, 10.438807958819947, 1.1270876917740043, 1.3910780017160005, 0.4482345611160016, 0.21634560699759978, 0.8280301614339957], "std": [0.04770999300566822, 0.04731531896340377, 0.05010684969183866, 0.05113162770711513, 0.05670360495087547, 0.054587584034227886, 0.057392151859206465, 0.06016452267902557, 0.060445986830015806, 0.0869582645264003, 0.06040998655032053, 0.09415429751185911, 0.06376789046959362, 0.0947014956828766, 0.0668008871330831, 0.10136663471673892, 0.07466567696497266, 0.10189352424895012, 0.07465002013260398, 0.15293971327183525, 0.07999790683894524, 0.12418433614659548, 0.07771761259596104, 0.16065634816677707, 0.10877426784570558, 0.142125663268833, 0.11584095818774261, 0.17317801925701315, 0.10782364949268197, 0.1377417873040494, 0.10825279679688526, 0.11982632358179433, 0.04699751554710145, 0.07744216757766058, 19.604983619795853, 0.8822368855318752, 17.633339703905154, 0.6956473037270582, 2.0977504719735998, 0.22649011496598298, 0.21531387077992778, 0.45821131093914075], "skew": [-1.5767226328101815, -2.5343444284558254, -1.598432891578699, -2.4938691440247567, -1.544064625994922, -2.482015261410881, -1.666021899010755, -2.454781169036376, -1.6441223242543526, -1.2194237100804048, -1.611962285017294, -1.1738206700348996, -1.1410174858181115, -1.197328422240905, -1.1729056218223166, -1.169344057066142, -1.2143731877759942, -1.1323671744938326, -1.2121101939332461, -0.8909818540499863, -1.2461142471737408, -0.6956597066015171, -0.9873315399656818, -0.24374795660076234, -1.2509880226171812, -0.0720794544274712, -1.0134275805274209, -0.13406264799378112, -0.7954095481257285, 0.3102304421007239, -0.8030834432159567, 1.2965849949722636, -1.113289612118828, -0.4504742672272634, 6.640489690157377, 2.1371674834562944, 6.793399916568347, 2.228916122905108, 6.336802208022928, 1.8184789154507184, 2.9674553043892073, 1.9439677242786382], "kurt": [6.2145280790502335, 11.415337073989846, 6.288161503487571, 11.158644256625442, 6.060739717066668, 10.966162456474528, 7.000301179917964, 10.840105485430314, 6.868309617532296, 4.696341684472849, 6.489365704463971, 4.474239094413515, 4.78197956787491, 4.615554500535255, 4.857180359085617, 4.571584338526912, 5.05664073429785, 4.344857368800333, 5.0981541397342856, 3.4667010013185062, 5.192008901902986, 3.2276076716955675, 4.2576930687343415, 2.5527992428235797, 4.93889596150279, 2.5703840984890673, 4.1195484821135, 2.466733627306172, 3.539512579362485, 2.7349123020615536, 3.5460092773693876, 4.545552849174252, 5.241670743258749, 3.202835722983188, 66.0081645706161, 14.023745150480435, 70.01649181518845, 14.855872186894311, 57.85034285298256, 10.400611076168031, 18.624265019417987, 10.486823712917415], "step_size": 0.32791577446613335}