{"param_names": ["sigma", "alpha", "beta.1", "beta.2", "x_change"], "mean": [0.020498075899999916, 0.5347319848199995, -0.419740593800001, -1.0139658048199949, 0.02863237030459491], "std": [0.0031129167355981816, 0.02429195276117547, 0.014064915187986152, 0.01633810944873043, 0.03072360519465293], "skew": [0.8127292349246544, -0.020744575956675476, 0.09568814505682821, -0.11515017601056643, 0.002407115068973524], "kurt": [4.248714023445086, 3.7357085101300838, 3.392605189642656, 3.6447548910441685, 3.863443556974572], "step_size": 0.5}