{"param_names": ["beta0", "beta.1", "beta.2", "beta.3", "sigmasq", "phi", "sigma", "mu.1", "mu.2", "mu.3", "mu.4", "mu.5", "mu.6", "mu.7", "mu.8", "mu.9", "mu.10", "mu.11", "mu.12", "mu.13", "mu.14", "mu.15", "mu.16", "mu.17", "mu.18", "mu.19", "mu.20", "mu.21", "b0", "b.1", "b.2", "b.3", "outlier_3", "outlier_4", "outlier_21"], "mean": [17.568288276000196, 6.296427938759965, 4.148364291963368, -0.6653006536313666, 12.726892250200098, 28.918053119200184, 3.508491799799957, 38.404845272000294, 38.52900187599984, 32.21797265999997, 22.339682355999873, 19.71477609200011, 21.027229427999863, 21.594744383999682, 21.594744383999682, 18.96454328600014, 12.58381031640018, 11.466403373800087, 10.278106492800037, 12.335497575199984, 12.28223111959994, 5.965907021999131, 6.338376072939996, 9.389018159039999, 8.51992373321998, 9.708220401599876, 13.58527986680005, 22.093740920000076, -40.98643400532804, 0.6875620161739983, 1.312453105369676, -0.12415635038054214, 0.0093, 0.03268, 0.25752], "std": [0.7813023062522102, 1.291808695103875, 1.192315601091285, 0.8940576494655446, 5.000014262474198, 27.909851787347485, 0.6460475070838589, 1.9766483458564927, 2.0287870122500022, 1.495826340665326, 1.2311559686773077, 0.8151951210965899, 0.9735743810412891, 1.6074361634096672, 1.6074361634096672, 1.1847556191724153, 1.5308948128982454, 1.3663179219239, 1.5943418325245386, 1.3593940836888234, 1.5921422147556639, 1.5666632784227317, 1.3090809426513113, 2.222179529926732, 1.4069468573168034, 1.451978120331931, 1.0007810127710477, 1.8018168947218665, 12.653671411421085, 0.141063881345775, 0.3772229875666696, 0.16684627644032524, 0.0959870303739, 0.17779768727404752, 0.4372681666895042], "skew": [-0.024782495006675825, -0.06907127810208777, 0.013624397412799515, 0.05737265323176196, 1.8401868978742588, 3.6054190415924188, 0.9950994674675426, -0.1611924851214188, -0.16363297309776884, -0.13661176434112407, -0.013304289874600932, -0.037934126276217006, -0.023430272664302646, 0.017857362709376906, 0.017857362709376906, 0.01909350027099734, -0.058597163296035856, 0.03597138664256485, 0.013742014859900505, -0.04696263442305281, 0.06415800185219374, 0.13772976240003632, 0.14232797458155827, -0.022857899748366325, 0.024472094704765374, 0.035839789765998956, -0.01804812479920357, -0.04909872839284579, -0.015873847081347106, -0.06907142693408674, 0.013624496464439953, 0.05737261278546498, 10.22429797210243, 5.256761290485167, 1.1090677001977158], "kurt": [3.5743999054616262, 3.314287148593856, 3.3257475818673217, 3.4228966126760323, 9.95285570145529, 25.07831580698522, 4.924331257479758, 3.41559509550091, 3.4240979206119806, 3.3989120997237037, 3.3996151591966237, 3.558729572236265, 3.4701583479711524, 3.416983695647038, 3.416983695647038, 3.4277813528869903, 3.4214239220657077, 3.4230311148616464, 3.385174362811142, 3.398377507037281, 3.4398113144644356, 3.4567645961325235, 3.4858690892427124, 3.398512681598686, 3.428537437077082, 3.4168620495475976, 3.4909672242508383, 3.328409656381323, 3.389490335323832, 3.314286180696611, 3.3257475404873595, 3.4228964799922212, 105.53626902233786, 28.633539265143266, 2.2300311636218515], "step_size": 0.5}