{"param_names": ["beta0", "beta.1", "beta.2", "beta.3", "sigmasq", "phi", "sigma", "mu.1", "mu.2", "mu.3", "mu.4", "mu.5", "mu.6", "mu.7", "mu.8", "mu.9", "mu.10", "mu.11", "mu.12", "mu.13", "mu.14", "mu.15", "mu.16", "mu.17", "mu.18", "mu.19", "mu.20", "mu.21", "b0", "b.1", "b.2", "b.3", "outlier_1", "outlier_3", "outlier_4", "outlier_21"], "mean": [17.348403490000084, 7.103604825119928, 2.6087870511990543, -0.4841120730765418, 2.5909166724000037, 28.766577866800134, 3.664109514200008, 37.12147444600016, 37.21181815799978, 31.50187948999995, 20.86338465399989, 19.21265649599998, 20.038020582000144, 20.32132357599994, 20.32132357599994, 17.710906259999934, 13.44078599100004, 12.627694361800149, 11.892674100000063, 13.26009906520001, 13.0916843684, 6.4220568040439545, 6.693087304600036, 8.783260199932018, 8.150855788199943, 8.885876337199933, 13.35941760400012, 23.40619225799994, -39.17916002403641, 0.7757047140140052, 0.825364034026336, -0.09034349716619444, 0.12906, 0.06576, 0.22986, 0.4505], "std": [0.7405204503806331, 1.2546931119301818, 1.10007874369003, 0.6596544677889141, 0.6460980623754305, 28.273839611654033, 0.9137206461130905, 2.2982538773039667, 2.3393981555342, 1.7858398551978614, 1.199303055380028, 0.8338892157694893, 0.9724796560665983, 1.390260888315867, 1.390260888315867, 1.0682427565605643, 1.2666220615040074, 1.151005583211956, 1.3930547669898898, 1.153280974272401, 1.2338803424258356, 1.2018034080781221, 0.9813231933837746, 1.542275350812613, 0.9759049462473841, 1.0785958702509966, 0.7313710144841583, 1.843707753805089, 9.203658371745076, 0.13701090605894237, 0.34804122210748023, 0.12310267457893648, 0.3352663365147178, 0.2478621035979482, 0.42074265341179756, 0.49754371667221364], "skew": [0.14806462430349962, -0.18260717274750912, 0.48899005403035517, -0.05752050359063952, 1.1020677559408647, 4.1398927308356575, 1.1020673291352328, 0.05235674872448383, 0.04717931947936502, 0.036382238073553265, 0.5396951963766792, 0.3141688638242251, 0.4931267690712658, 0.6858036784140359, 0.6858036784140359, 0.5770706493565889, -0.262689005486207, -0.46845173752400115, -0.4992890129284901, -0.3347527434224545, -0.24297979131376146, -0.1965451216536731, -0.21923543019990827, 0.2596452646452855, 0.2340834390748088, 0.2562219677849896, 0.12525462980804003, -0.30997216340512795, -0.0914999926794038, -0.18260768217792617, 0.4889900638377348, -0.05752035245445127, 2.212807905834686, 3.5038837619515357, 1.284110359667306, 0.1989774901834842], "kurt": [3.546013097465061, 3.685201124522757, 3.6999716899458077, 3.948253671288357, 5.727646076740793, 44.954524301424925, 5.7276418219248075, 4.026907150024302, 4.034075072016013, 3.943743386121308, 3.964916328062851, 3.746846199050315, 3.936209070237865, 4.490596502812119, 4.490596502812119, 4.125064235004591, 3.7553323653834196, 3.670632259958552, 3.619110667412061, 3.6559431552576007, 3.896076701652978, 4.006936233032032, 4.115803832466686, 4.759855584924254, 5.003972887715246, 4.774170654696868, 4.0866455706200435, 3.482507805608031, 4.270045980611222, 3.6851996469071815, 3.6999713450207046, 3.948253986089457, 5.896518828124491, 13.277201417267648, 2.6489394158048976, 1.0395920415997184], "step_size": 0.5}