{"param_names": ["beta0", "beta.1", "beta.2", "beta.3", "sigmasq", "sigma", "mu.1", "mu.2", "mu.3", "mu.4", "mu.5", "mu.6", "mu.7", "mu.8", "mu.9", "mu.10", "mu.11", "mu.12", "mu.13", "mu.14", "mu.15", "mu.16", "mu.17", "mu.18", "mu.19", "mu.20", "mu.21", "b0", "b.1", "b.2", "b.3", "outlier_3", "outlier_4", "outlier_21"], "mean": [17.57250019200003, 6.661477854040031, 4.1013220412489915, -0.851506937505045, 12.742087742200054, 3.5101626869999945, 39.005133875999626, 39.16403968399989, 32.613963503999734, 22.336585036000045, 19.741445278000043, 21.03901545199985, 21.383151803999926, 21.383151803999926, 18.856740173999928, 12.753804773600068, 11.323654347599959, 10.184989899800053, 12.435993399400187, 11.985601933800051, 5.504254269759967, 5.980971036322021, 9.503219312717983, 8.390880139080032, 9.529544304600005, 13.576283277199943, 22.33008311400005, -40.08065739328984, 0.7274250104800047, 1.297569944511018, -0.1589055938151567, 0.0055, 0.03874, 0.2978], "std": [0.7819156742491654, 1.3788561823707652, 1.2981634538069415, 0.9205598249806444, 5.021579864671948, 0.6487261641821018, 1.9513319722885802, 2.004577152598995, 1.4842135017277833, 1.30185077794431, 0.8219655088316316, 1.0082349387271137, 1.696688987547582, 1.696688987547582, 1.2584495257478452, 1.5960384142044943, 1.4058720389992079, 1.6673096484450602, 1.416794124911711, 1.6202821845835471, 1.5650526190345948, 1.2950813727972725, 2.274805986345775, 1.4239556298356306, 1.496359928423669, 1.0071326676267784, 1.9121619931415672, 13.011549512073833, 0.150569364583395, 0.4107109686503412, 0.171792029256754, 0.0739577582137263, 0.19297464185742125, 0.4572911107817426], "skew": [-0.03653639736158541, 0.01037160331301765, -0.006605202659174768, 0.008102854060135401, 1.8681319600804405, 0.9845913356350454, 0.005628061796680475, 0.004703743564618172, 0.006545483658427655, -0.005633953150743548, -0.03399800237416586, -0.015735351419083634, -0.00228555273429489, -0.00228555273429489, -0.009625867184839822, 0.008506593578941598, -0.01321975825268522, -0.002363554365473758, 0.012629749137982317, -0.01572995171142066, 0.002162591105296478, 0.002358765156606264, -0.00020260710222157698, 0.0035599488963231683, 0.0075183996801059284, -0.0018055213753010778, 0.0025035935864069743, -0.01607184470706779, 0.010371587479237516, -0.00660498121945066, 0.008102829139074055, 13.372498354289558, 4.780524483012649, 0.8843382048443387], "kurt": [3.5403674421564837, 3.404225962287175, 3.44012307608871, 3.374645681386652, 10.932536466319268, 4.956138477953508, 3.4069157827475927, 3.409237674879958, 3.422401788057787, 3.461892348120019, 3.5165281658002576, 3.474992706811967, 3.450660384801906, 3.450660384801906, 3.4772633556767705, 3.4190552487465937, 3.421104131876647, 3.4169845206372305, 3.426052786290501, 3.3878325803951603, 3.404664386135078, 3.4480461706228804, 3.328358636508031, 3.335188627928598, 3.3424410359717394, 3.3912197684715366, 3.424494365871419, 3.3669296903064887, 3.404225966650363, 3.440123418424761, 3.3746458082847877, 179.82371223547696, 23.85341433268336, 1.7820540605473079], "step_size": 0.5}