{"param_names": ["beta0", "beta.1", "beta.2", "beta.3", "sigmasq", "phi", "sigma", "mu.1", "mu.2", "mu.3", "mu.4", "mu.5", "mu.6", "mu.7", "mu.8", "mu.9", "mu.10", "mu.11", "mu.12", "mu.13", "mu.14", "mu.15", "mu.16", "mu.17", "mu.18", "mu.19", "mu.20", "mu.21", "b0", "b.1", "b.2", "b.3", "outlier_1", "outlier_3", "outlier_4", "outlier_21"], "mean": [17.514466134000113, 7.124294896279962, 2.98723931333886, -0.5523183935318222, 7.376830123199923, 29.729541921799854, 3.7303699202000127, 38.0041007440001, 38.107172582000345, 32.121012127999904, 21.37159735999996, 19.48140084999999, 20.426499182000114, 20.75316554200005, 20.75316554200005, 18.0926070200001, 13.310655613599927, 12.383008252799893, 11.54098194459996, 13.10451183399998, 12.915818299200016, 6.159295804252033, 6.4685116580000015, 8.856617184128016, 8.135113485780016, 8.97713984960001, 13.43878011680006, 23.402629201999908, -40.57726980748341, 0.7779640426980006, 0.9450981610983988, -0.10307195360150576, 0.04214, 0.04214, 0.1625, 0.43002], "std": [0.7394796373641609, 1.37992336251725, 1.2148089195713747, 0.7353232412021704, 3.855074000017729, 28.177400962172616, 0.9154235415599771, 2.2555771175761326, 2.2964653043445122, 1.7561672551904493, 1.2347481917172283, 0.8176009928526466, 0.9740741166277326, 1.4698666972670342, 1.4698666972670342, 1.1392135241105774, 1.3644588128937722, 1.2607811788562424, 1.528149344450863, 1.2400155457416104, 1.3637274248294196, 1.3189263794803656, 1.0913756730119875, 1.807394344171743, 1.165582928229309, 1.287520793450826, 0.8109471467998491, 1.9988871578800835, 10.428813338075898, 0.15068588446046968, 0.3843393589990497, 0.13722375172295542, 0.20090848762558539, 0.20090848762558539, 0.36890886408434265, 0.4950785792174814], "skew": [0.009160898529341693, -0.17644364346144134, 0.31589412518271953, -0.03686995269062659, 1.9776205438019028, 3.3276329733866925, 0.8981412224804184, -0.19172210164329928, -0.19015740858532576, -0.19841575229206995, 0.33517343488494256, 0.07659687257154645, 0.2558685045050294, 0.3760400839101555, 0.3760400839101555, 0.3898117687832955, -0.15406516458885997, -0.2782917483360986, -0.28754145759778277, -0.18420058790619603, -0.17192156810721873, -0.007896597240092408, -0.008902180850485813, 0.1782555310074884, 0.19859442763681334, 0.2623234457884027, 0.11635336682249668, -0.1940812499831206, -0.0162934899724231, -0.17644404870647704, 0.31589423593347044, -0.03687014705199335, 4.557896039248192, 4.557896039248192, 1.829720198443582, 0.2827025968710264], "kurt": [3.387986695992586, 3.275031522565575, 3.3887179329419412, 4.0320962163614675, 11.399135261579499, 21.682222228417828, 4.589020030396837, 3.497620719071087, 3.5055882080975684, 3.4617137631009633, 3.394287499246731, 3.3618714840183146, 3.376225489366033, 3.6316733702676323, 3.6316733702676323, 3.4922657365810656, 3.5802735748528836, 3.627933770082503, 3.512413454765763, 3.5185104380187266, 3.9094496327002797, 3.759746249460686, 3.678981975983867, 4.212005044403234, 3.9435412889170336, 3.708846621687916, 3.7823950445857526, 3.2756110786325303, 4.074850758262536, 3.275030933383685, 3.388718078430216, 4.032096164578356, 21.774416304594357, 21.774416304594357, 4.347876004592421, 1.0799207582776218], "step_size": 0.5}