{"param_names": ["beta0", "beta.1", "beta.2", "beta.3", "sigmasq", "sigma", "mu.1", "mu.2", "mu.3", "mu.4", "mu.5", "mu.6", "mu.7", "mu.8", "mu.9", "mu.10", "mu.11", "mu.12", "mu.13", "mu.14", "mu.15", "mu.16", "mu.17", "mu.18", "mu.19", "mu.20", "mu.21", "b0", "b.1", "b.2", "b.3", "outlier_1", "outlier_3", "outlier_4", "outlier_21"], "mean": [17.479427832000038, 7.613346829900028, 2.428611126328385, -0.6245105663817648, 2.584716584600004, 3.6553412433999846, 37.93154646200031, 38.04809065200005, 32.121441762, 20.894931603999996, 19.35821137999989, 20.126571490000178, 20.195666387999943, 20.195666387999943, 17.63246756200016, 13.775108473599946, 12.72621020920008, 12.074394042199982, 13.542019772800009, 13.028393442800038, 6.075267002340022, 6.424899688760103, 8.824879178059994, 8.009069542000038, 8.660885616399979, 13.416004818199996, 24.00625713800007, -38.95117601883982, 0.8313679040660001, 0.7683602496204288, -0.11654423128416858, 0.08704, 0.04356, 0.229, 0.53704], "std": [0.7408318159801105, 1.2963881875484389, 1.1414964698293046, 0.6744317982279789, 0.6437890890741024, 0.9104552922650491, 2.325974307452354, 2.3717099717668906, 1.7960356116414429, 1.2236861694647605, 0.8344671039577246, 0.9830799539776123, 1.4136772895067773, 1.4136772895067773, 1.0948696130495734, 1.2909569820244975, 1.1818895491668848, 1.4350395588401577, 1.1768022982333208, 1.2639703820636878, 1.2499750712904871, 1.018095680490854, 1.5558763262997943, 0.9899685451090375, 1.105740386727653, 0.7376441472700422, 1.8759997838330011, 9.226541794594949, 0.141563958551087, 0.3611448939320039, 0.1258603776560833, 0.2818936650582982, 0.2041140034392545, 0.42018924307982947, 0.49862615093875695], "skew": [0.20790005339000805, -0.039127352460997904, 0.5362141905461442, -0.15397725471063342, 1.067743230994217, 1.067743587925062, 0.27419898099423656, 0.27590972192012386, 0.2359604032812266, 0.5766834146908838, 0.38100298335352334, 0.5335521657920022, 0.6393871905584074, 0.6393871905584074, 0.5688429911339388, -0.20776962925423945, -0.4798675725925372, -0.5094287830739267, -0.29349155106475816, -0.30819298807607304, -0.40094895291990235, -0.4527737018749335, 0.2008096389240175, 0.011229193446337268, 0.057925562726527234, 0.08004953331090295, -0.21075100556470672, -0.07580103698530814, -0.03912764603027358, 0.5362145344446226, -0.1539774460812113, 2.9298991157860614, 4.472402601576908, 1.2898949911885969, -0.14856822062086134], "kurt": [3.4090353666002002, 3.780310593977898, 4.231506645092968, 3.9155102976057803, 5.279739265421616, 5.279742596266883, 3.416789746631541, 3.4270315228175865, 3.3971729200344183, 4.1083089943584, 3.5301912308822647, 3.880810424898763, 4.640559157623286, 4.640559157623286, 4.332241089731697, 3.9816585107846194, 3.9407369283025475, 3.9917591429469668, 3.9134146541176498, 3.8594018510315795, 3.822668227475811, 3.932716538267674, 4.653726725846805, 4.852673636199109, 4.683407628280668, 4.049547504700466, 3.665537379994419, 4.247516815206822, 3.780308858093264, 4.231508942938055, 3.9155104079574596, 9.584308828683945, 21.0023850305919, 2.6638290882934315, 1.0220725161784479], "step_size": 0.5}