{"param_names": ["beta0", "beta.1", "beta.2", "beta.3", "sigmasq", "sigma", "mu.1", "mu.2", "mu.3", "mu.4", "mu.5", "mu.6", "mu.7", "mu.8", "mu.9", "mu.10", "mu.11", "mu.12", "mu.13", "mu.14", "mu.15", "mu.16", "mu.17", "mu.18", "mu.19", "mu.20", "mu.21", "b0", "b.1", "b.2", "b.3", "outlier_3", "outlier_4", "outlier_21"], "mean": [17.604393994000088, 7.674244939440016, 2.7653400829931627, -0.6975827614641295, 7.323088449439978, 3.7172877730000398, 38.7783887900001, 38.90856981200033, 32.70833052800028, 21.329746038000145, 19.579957760000195, 20.454851975999922, 20.548661719999963, 20.548661719999963, 17.94079856800018, 13.639575545199968, 12.467948707199978, 11.723235564600026, 13.379214047399993, 12.822120099199939, 5.763805639464988, 6.15434784077601, 8.85177231671401, 7.940506998819951, 8.685220367199967, 13.45296635239989, 24.013590501999865, -40.299096410555926, 0.8380179027659983, 0.874894031514207, -0.1301807384930044, 0.0261, 0.1717, 0.5122], "std": [0.7183671698695082, 1.403612789657355, 1.2729932083058353, 0.7462827352880199, 3.81273685665795, 0.9099167691610304, 2.181499129549874, 2.2235386627122917, 1.6955258816933194, 1.2340109913093884, 0.7873807204970633, 0.9535041767700096, 1.4717276742119954, 1.4717276742119954, 1.1448437772600348, 1.407375763717159, 1.308142301720306, 1.598748966095342, 1.2842437076390096, 1.3898998044874036, 1.3218244424847772, 1.0926020508175616, 1.8409230506737513, 1.1790395654248824, 1.3075309610719204, 0.8122965770152901, 2.042016985596701, 10.565254218168233, 0.15327276029564857, 0.4027476369949343, 0.13926897703915345, 0.15943271307984444, 0.3771194903475555, 0.49985113784005736], "skew": [0.026464611378686782, -0.14219622816008573, 0.34050123253260245, -0.09521394943155195, 1.9536085969280774, 0.8875965279331942, -0.04695070554750799, -0.03791172044078586, -0.08042500087606609, 0.33473791112350154, 0.10848577599467057, 0.2664116476048169, 0.33569829237418386, 0.33569829237418386, 0.35884862080750274, -0.13906049924551206, -0.3256704176391886, -0.32396850318935505, -0.18013415677445696, -0.258115322646059, -0.16196074271208755, -0.157485024206215, 0.16719461611074538, 0.1431147414799546, 0.20673163066884004, 0.09542882845813581, -0.20458927737724786, 0.00729904027730339, -0.14219571367713596, 0.34050141190855554, -0.09521390211899289, 5.9448276435297105, 1.741092722083586, -0.04881453327371952], "kurt": [3.412463331231692, 3.416614740019047, 3.5511496808454943, 3.7626368985213956, 10.938956051992578, 4.562315305123083, 3.2557649878933828, 3.269984799992091, 3.218228425005136, 3.4499156186677413, 3.3483746285307654, 3.4151765174637436, 3.6136527775641074, 3.6136527775641074, 3.5373831832406926, 3.7693670740405407, 3.7337600006391853, 3.678918899301721, 3.73925092330755, 3.7990007151582246, 3.5842722302028336, 3.58940578299288, 4.04306449928696, 4.015990546318792, 3.8882914222524954, 3.84677750472452, 3.429907548349087, 3.890213033708899, 3.4166154910579247, 3.551150249654097, 3.7626370171777244, 36.340975711275014, 4.031403866892432, 1.0023828586587302], "step_size": 0.5}