{"param_names": ["x.1", "x.2", "x.3", "x.4", "x.5"], "mean": [-3.9960281738200236, -2.0017753134443854, -0.004652342907376006, 2.0016737162978484, 3.9957175694899583], "std": [1.0019992133574562, 1.0018967961207332, 1.0004241455767302, 1.0006043261248718, 0.9980122425672774], "skew": [0.0048346863802512545, -0.00019429805757662137, 0.0015901421387553409, -0.01590315774038101, -0.006743460354695134], "kurt": [2.9984507685179755, 3.00457490448639, 3.0186465792182013, 2.9390729878360453, 2.9829551100528096], "step_size": 0.2}