{"param_names": ["sjuv", "ssub", "sad", "rjuv", "rad", "pr_a.1", "pr_a.2", "pr_a.3", "pr_a.4", "pr_a.5", "pr_a.6", "pr_a.7", "pr_a.8", "pr_a.9", "pr_a.10", "pr_a.11", "pr_a.12", "pr_a.13", "pr_a.14", "pr_a.15", "pr_a.16", "pr_a.17", "pr_a.18", "pr_j.1", "pr_j.2", "pr_j.3", "pr_j.4", "pr_j.5", "pr_j.6", "pr_j.7", "pr_j.8", "pr_j.9", "pr_j.10", "pr_j.11", "pr_j.12", "pr_j.13", "pr_j.14", "pr_j.15", "pr_j.16", "pr_j.17", "pr_j.18"], "mean": [0.4533467642200009, 0.6553082511400025, 0.8412480911800011, 0.05795005854199991, 0.0897141198200004, 0.01410252200959993, 0.011786790409400085, 0.009866087444799988, 0.008270692192599974, 0.0069435765922000745, 0.00583802703279997, 0.0049157252508, 0.004145194459599979, 0.0035005417812199813, 0.002960437994120019, 0.0025072888917199903, 0.0021265611385199814, 0.0018062335664799937, 0.0015363492530000005, 0.0013086500341400022, 0.001116277447679996, 0.0009535279449199988, 0.9163155131200001, 0.02895771545600022, 0.013137594586599978, 0.003933258179199986, 0.003288912899599991, 0.002754244077600018, 0.0023099339599999785, 0.0019401747576199872, 0.00163201236508, 0.001374815909619994, 0.0011598490041400025, 0.0009799220397399924, 0.0008291100799000056, 0.0007025235908799961, 0.0005961220911599984, 0.000506562092543999, 0.00043107310003199503, 0.00036735639185199936, 0.9350988197200016], "std": [0.12760662977909787, 0.06566808569713875, 0.03257775653946989, 0.02959982535924147, 0.023255097358390403, 0.0043107028109955065, 0.0033588130793028663, 0.0026529179125757535, 0.0021344142267623613, 0.0017565808730683388, 0.001481909248518716, 0.0012806156826894429, 0.0011298300906402285, 0.0010128591330393912, 0.0009181882883522051, 0.0008382857461458293, 0.0007684392111286678, 0.0007058004458854835, 0.0006486878509795558, 0.0005961178609872877, 0.0005475073565115934, 0.0005024930591070245, 0.021107670420878195, 0.004358431719990364, 0.0029572469073322564, 0.0009086662825148274, 0.0006781587715886494, 0.0005140877125979421, 0.00040158784860811104, 0.0003280563524485525, 0.0002821171285850782, 0.0002537840345788491, 0.0002353379740264845, 0.00022171475764687067, 0.00021006749772377876, 0.00019901436112237022, 0.00018800431247516578, 0.00017690709486254264, 0.000165781353307863, 0.00015475363105013824, 0.006345495302535642], "skew": [0.7236034666801808, -0.18614242833710898, 0.0026849964640309823, 8.549230707721216, 0.6467223470079947, 0.7624073431956045, 0.6754129776350049, 0.6091992105784081, 0.5663075824547682, 0.5476912580327181, 0.5520107230587561, 0.57621665076526, 0.6168950625973556, 0.6712382357965684, 0.737220118706123, 0.8133810413347758, 0.8986260653513188, 0.992133991455684, 1.093327978278657, 1.2018569928163523, 1.3175723441768985, 1.4405004520294014, -0.5475099468043272, 0.305472171221428, 0.4553771626174453, 0.5456811664189868, 0.4480549465912274, 0.3770122358060889, 0.3370427975292928, 0.32494511803119747, 0.3324046479859735, 0.3558708701085609, 0.3973265875854938, 0.4575770327783623, 0.5342855287260211, 0.6239504329656851, 0.7235334127352548, 0.8309312727125419, 0.9448799191011009, 1.0647359701807468, -0.16188765332115462], "kurt": [3.459855182000219, 2.9850249954318504, 3.0401721918484053, 158.8133984785909, 3.7778932131252216, 3.915031559768182, 3.6570517916426724, 3.47370647275702, 3.3557338025196795, 3.299307772205311, 3.3031548792734573, 3.3640331245040014, 3.4752523836671663, 3.6298314817564665, 3.8242997662450753, 4.059823736572552, 4.341153669937449, 4.675182005292244, 5.070038279542917, 5.534758296225135, 6.079312673854234, 6.714804935777148, 3.2988735666270763, 3.1351146019037888, 3.3392032214794054, 3.506441481659076, 3.307375515406802, 3.190293584454402, 3.139633926152729, 3.1343090669541502, 3.1541410463663784, 3.189013938005087, 3.2418328992333603, 3.3229009591097665, 3.4427172136039066, 3.609098069652247, 3.827697393804862, 4.1033329495259085, 4.440993861514705, 4.846490898625549, 3.0172681276634434], "step_size": 0.5}