{"param_names": ["d"], "mean": [4.8812561699999995], "std": [0.5412653173586645], "skew": [0.4290785467808527], "kurt": [3.3817529212816217], "step_size": 0.5}